ISO-10303-21;
HEADER;
FILE_DESCRIPTION (( 'STEP AP214' ),
    '1' );
FILE_NAME ('CL10A106KO8NQNC.STEP',
    '2025-08-17T19:53:15',
    ( '' ),
    ( '' ),
    'SwSTEP 2.0',
    'SolidWorks 2021',
    '' );
FILE_SCHEMA (( 'AUTOMOTIVE_DESIGN' ));
ENDSEC;

DATA;
#1 = LINE ( 'NONE', #1455, #264 ) ;
#2 = ORIENTED_EDGE ( 'NONE', *, *, #908, .F. ) ;
#3 = FILL_AREA_STYLE ('',( #1602 ) ) ;
#4 = SURFACE_STYLE_FILL_AREA ( #1635 ) ;
#5 = EDGE_CURVE ( 'NONE', #2017, #1138, #807, .T. ) ;
#6 = EDGE_LOOP ( 'NONE', ( #777, #812, #343 ) ) ;
#7 = PLANE ( 'NONE',  #609 ) ;
#8 = DIRECTION ( 'NONE',  ( -1.355252715606881036E-16, 0.000000000000000000, 1.000000000000000000 ) ) ;
#9 = ORIENTED_EDGE ( 'NONE', *, *, #437, .F. ) ;
#10 = CYLINDRICAL_SURFACE ( 'NONE', #1150, 0.03999999999999999389 ) ;
#11 = ADVANCED_FACE ( 'NONE', ( #25 ), #1453, .T. ) ;
#12 = EDGE_CURVE ( 'NONE', #647, #691, #1771, .T. ) ;
#13 = DIRECTION ( 'NONE',  ( 1.355252715606881036E-16, 0.000000000000000000, -1.000000000000000000 ) ) ;
#14 = CARTESIAN_POINT ( 'NONE',  ( 0.4999999999881765689, 0.03999999999999999389, 0.3799999999999999489 ) ) ;
#15 = ORIENTED_EDGE ( 'NONE', *, *, #1095, .T. ) ;
#16 = LINE ( 'NONE', #643, #880 ) ;
#17 = ORIENTED_EDGE ( 'NONE', *, *, #1696, .T. ) ;
#18 =( NAMED_UNIT ( * ) PLANE_ANGLE_UNIT ( ) SI_UNIT ( $, .RADIAN. ) );
#19 = CIRCLE ( 'NONE', #1678, 0.02000000000000005246 ) ;
#20 = PRESENTATION_LAYER_ASSIGNMENT (  '', '', ( #92 ) ) ;
#21 = CARTESIAN_POINT ( 'NONE',  ( -0.7599999999999997868, 0.9499999999999999556, 0.4000000000000000777 ) ) ;
#22 = AXIS2_PLACEMENT_3D ( 'NONE', #1042, #715, #1500 ) ;
#23 = STYLED_ITEM ( 'NONE', ( #1381 ), #995 ) ;
#24 = AXIS2_PLACEMENT_3D ( 'NONE', #1032, #1290, #1491 ) ;
#25 = FACE_OUTER_BOUND ( 'NONE', #1079, .T. ) ;
#26 = DIRECTION ( 'NONE',  ( -1.355252715606881036E-16, 0.000000000000000000, 1.000000000000000000 ) ) ;
#27 = EDGE_CURVE ( 'NONE', #1099, #856, #497, .T. ) ;
#28 = SURFACE_SIDE_STYLE ('',( #1011 ) ) ;
#29 = EDGE_LOOP ( 'NONE', ( #455, #417, #1033, #1561 ) ) ;
#30 = CARTESIAN_POINT ( 'NONE',  ( 0.7599999999999998979, 0.000000000000000000, 1.029992063861229336E-16 ) ) ;
#31 = DIRECTION ( 'NONE',  ( 1.000000000000000000, 0.000000000000000000, 1.355252715606881036E-16 ) ) ;
#32 =( LENGTH_UNIT ( ) NAMED_UNIT ( * ) SI_UNIT ( .MILLI., .METRE. ) );
#33 = FACE_OUTER_BOUND ( 'NONE', #179, .T. ) ;
#34 = VERTEX_POINT ( 'NONE', #1325 ) ;
#35 = FILL_AREA_STYLE_COLOUR ( '', #1939 ) ;
#36 = DIRECTION ( 'NONE',  ( 0.000000000000000000, -1.000000000000000000, 0.000000000000000000 ) ) ;
#37 = CARTESIAN_POINT ( 'NONE',  ( 500000.0000000000582, 0.03999999999999999389, -0.3800000000433678693 ) ) ;
#38 = DIRECTION ( 'NONE',  ( 1.000000000000000000, 0.000000000000000000, 1.355252715606881036E-16 ) ) ;
#39 =( NAMED_UNIT ( * ) PLANE_ANGLE_UNIT ( ) SI_UNIT ( $, .RADIAN. ) );
#40 = CYLINDRICAL_SURFACE ( 'NONE', #1281, 0.03999999999999999389 ) ;
#41 = DIRECTION ( 'NONE',  ( 0.000000000000000000, 1.000000000000000000, 0.000000000000000000 ) ) ;
#42 = ORIENTED_EDGE ( 'NONE', *, *, #104, .T. ) ;
#43 = MECHANICAL_DESIGN_GEOMETRIC_PRESENTATION_REPRESENTATION (  '', ( #492 ), #1506 ) ;
#44 = EDGE_CURVE ( 'NONE', #862, #1697, #999, .T. ) ;
#45 = FACE_OUTER_BOUND ( 'NONE', #1890, .T. ) ;
#46 = FILL_AREA_STYLE ('',( #526 ) ) ;
#47 = STYLED_ITEM ( 'NONE', ( #652 ), #253 ) ;
#48 = ORIENTED_EDGE ( 'NONE', *, *, #276, .T. ) ;
#49 = ADVANCED_FACE ( 'NONE', ( #155 ), #1762, .T. ) ;
#50 = CARTESIAN_POINT ( 'NONE',  ( 0.7599999999999997868, 0.9499999999999999556, 0.3600000000000000977 ) ) ;
#51 = VECTOR ( 'NONE', #1761, 1000.000000000000000 ) ;
#52 = EDGE_CURVE ( 'NONE', #149, #1689, #391, .T. ) ;
#53 = CARTESIAN_POINT ( 'NONE',  ( 0.7599999999999997868, 0.03999999999999999389, 0.3600000000000000977 ) ) ;
#54 = TOROIDAL_SURFACE ( 'NONE', #1967, 0.02000000000000000042, 0.02000000000000000042 ) ;
#55 = TOROIDAL_SURFACE ( 'NONE', #1012, 0.02000000000000000042, 0.02000000000000000042 ) ;
#56 = COLOUR_RGB ( '',0.7960784313725489669, 0.8235294117647058432, 0.9372549019607843146 ) ;
#57 =( GEOMETRIC_REPRESENTATION_CONTEXT ( 3 ) GLOBAL_UNCERTAINTY_ASSIGNED_CONTEXT ( ( #1533 ) ) GLOBAL_UNIT_ASSIGNED_CONTEXT ( ( #860, #1239, #113 ) ) REPRESENTATION_CONTEXT ( 'NONE', 'WORKASPACE' ) );
#58 = DIRECTION ( 'NONE',  ( -1.000000000000000000, 0.000000000000000000, -1.355252715606880789E-16 ) ) ;
#59 = LINE ( 'NONE', #393, #611 ) ;
#60 =( GEOMETRIC_REPRESENTATION_CONTEXT ( 3 ) GLOBAL_UNCERTAINTY_ASSIGNED_CONTEXT ( ( #1555 ) ) GLOBAL_UNIT_ASSIGNED_CONTEXT ( ( #709, #1358, #671 ) ) REPRESENTATION_CONTEXT ( 'NONE', 'WORKASPACE' ) );
#61 = EDGE_LOOP ( 'NONE', ( #706, #329, #1072, #590 ) ) ;
#62 = LINE ( 'NONE', #1188, #1145 ) ;
#63 = ORIENTED_EDGE ( 'NONE', *, *, #1343, .F. ) ;
#64 =( LENGTH_UNIT ( ) NAMED_UNIT ( * ) SI_UNIT ( .MILLI., .METRE. ) );
#65 = DIRECTION ( 'NONE',  ( 1.000000000000000000, 0.000000000000000000, 1.355252715606881036E-16 ) ) ;
#66 = EDGE_CURVE ( 'NONE', #458, #1641, #1994, .T. ) ;
#67 = FACE_OUTER_BOUND ( 'NONE', #1729, .T. ) ;
#68 = UNCERTAINTY_MEASURE_WITH_UNIT (LENGTH_MEASURE( 1.000000000000000082E-05 ), #1862, 'distance_accuracy_value', 'NONE');
#69 = SURFACE_STYLE_USAGE ( .BOTH. , #584 ) ;
#70 = ORIENTED_EDGE ( 'NONE', *, *, #1424, .F. ) ;
#71 = DIRECTION ( 'NONE',  ( 0.000000000000000000, -1.000000000000000000, 0.000000000000000000 ) ) ;
#72 = CARTESIAN_POINT ( 'NONE',  ( -0.7999999999999998224, 0.9499999999999999556, 0.3600000000000000422 ) ) ;
#73 = ORIENTED_EDGE ( 'NONE', *, *, #394, .T. ) ;
#74 = CIRCLE ( 'NONE', #1266, 0.03999999999999999389 ) ;
#75 = DIRECTION ( 'NONE',  ( 0.000000000000000000, 0.000000000000000000, 1.000000000000000000 ) ) ;
#76 = LINE ( 'NONE', #1020, #1344 ) ;
#77 = ADVANCED_FACE ( 'NONE', ( #67 ), #936, .T. ) ;
#78 = DIRECTION ( 'NONE',  ( 1.355252715606880789E-16, 0.000000000000000000, -1.000000000000000000 ) ) ;
#79 = CARTESIAN_POINT ( 'NONE',  ( -0.5199999999999997957, 0.03999999999999999389, -0.3599999999999998201 ) ) ;
#80 = ORIENTED_EDGE ( 'NONE', *, *, #1207, .T. ) ;
#81 =( NAMED_UNIT ( * ) PLANE_ANGLE_UNIT ( ) SI_UNIT ( $, .RADIAN. ) );
#82 = DIRECTION ( 'NONE',  ( -0.000000000000000000, -1.000000000000000000, -0.000000000000000000 ) ) ;
#83 = ORIENTED_EDGE ( 'NONE', *, *, #594, .F. ) ;
#84 = COLOUR_RGB ( '',0.7960784313725489669, 0.8235294117647058432, 0.9372549019607843146 ) ;
#85 = FACE_OUTER_BOUND ( 'NONE', #1083, .T. ) ;
#86 = VECTOR ( 'NONE', #88, 1000.000000000000000 ) ;
#87 = DIRECTION ( 'NONE',  ( -1.000000000000000000, -0.000000000000000000, 8.673617379884036705E-17 ) ) ;
#88 = DIRECTION ( 'NONE',  ( -1.000000000000000000, -0.000000000000000000, -0.000000000000000000 ) ) ;
#89 = COLOUR_RGB ( '',0.7960784313725489669, 0.8235294117647058432, 0.9372549019607843146 ) ;
#90 = VECTOR ( 'NONE', #108, 1000.000000000000000 ) ;
#91 = FILL_AREA_STYLE_COLOUR ( '', #1910 ) ;
#92 = STYLED_ITEM ( 'NONE', ( #1717 ), #1507 ) ;
#93 = VECTOR ( 'NONE', #1903, 1000.000000000000000 ) ;
#94 = EDGE_LOOP ( 'NONE', ( #398, #1757, #2063, #1831 ) ) ;
#95 = AXIS2_PLACEMENT_3D ( 'NONE', #1769, #653, #1440 ) ;
#96 = DIRECTION ( 'NONE',  ( 0.000000000000000000, 1.000000000000000000, 0.000000000000000000 ) ) ;
#97 = EDGE_CURVE ( 'NONE', #615, #1461, #1741, .T. ) ;
#98 = DIRECTION ( 'NONE',  ( -1.000000000000000000, 0.000000000000000000, 0.000000000000000000 ) ) ;
#99 = AXIS2_PLACEMENT_3D ( 'NONE', #120, #451, #769 ) ;
#100 = ORIENTED_EDGE ( 'NONE', *, *, #1897, .F. ) ;
#101 = DIRECTION ( 'NONE',  ( 0.000000000000000000, 0.000000000000000000, 1.000000000000000000 ) ) ;
#102 = DIRECTION ( 'NONE',  ( 0.000000000000000000, 0.000000000000000000, 1.000000000000000000 ) ) ;
#103 = APPLICATION_CONTEXT ( 'automotive_design' ) ;
#104 = EDGE_CURVE ( 'NONE', #1259, #1138, #1808, .T. ) ;
#105 = DIRECTION ( 'NONE',  ( 0.000000000000000000, -1.000000000000000000, 0.000000000000000000 ) ) ;
#106 = CARTESIAN_POINT ( 'NONE',  ( 6.505213034913026604E-17, 0.000000000000000000, 0.3599999999999999312 ) ) ;
#107 = VERTEX_POINT ( 'NONE', #1191 ) ;
#108 = DIRECTION ( 'NONE',  ( -1.355252715606881036E-16, -0.000000000000000000, 1.000000000000000000 ) ) ;
#109 = ORIENTED_EDGE ( 'NONE', *, *, #721, .F. ) ;
#110 = SURFACE_STYLE_FILL_AREA ( #637 ) ;
#111 = CARTESIAN_POINT ( 'NONE',  ( 0.4999999999999998890, 0.9100000000000000311, -0.3799999999999997824 ) ) ;
#112 = DIRECTION ( 'NONE',  ( 0.000000000000000000, -0.000000000000000000, -1.000000000000000000 ) ) ;
#113 =( NAMED_UNIT ( * ) SI_UNIT ( $, .STERADIAN. ) SOLID_ANGLE_UNIT ( ) );
#114 = EDGE_LOOP ( 'NONE', ( #1787, #1520, #597, #1630 ) ) ;
#115 =( LENGTH_UNIT ( ) NAMED_UNIT ( * ) SI_UNIT ( .MILLI., .METRE. ) );
#116 = SURFACE_STYLE_USAGE ( .BOTH. , #920 ) ;
#117 = ADVANCED_FACE ( 'NONE', ( #1029 ), #886, .T. ) ;
#118 = ORIENTED_EDGE ( 'NONE', *, *, #1474, .F. ) ;
#119 = DIRECTION ( 'NONE',  ( -1.000000000000000000, 0.000000000000000000, 0.000000000000000000 ) ) ;
#120 = CARTESIAN_POINT ( 'NONE',  ( 500000.0000000000582, 0.9100000000000000311, 0.3599999999566318998 ) ) ;
#121 = ADVANCED_FACE ( 'NONE', ( #1409 ), #1392, .T. ) ;
#122 = VECTOR ( 'NONE', #169, 1000.000000000000000 ) ;
#123 = EDGE_CURVE ( 'NONE', #1644, #266, #1645, .T. ) ;
#124 = AXIS2_PLACEMENT_3D ( 'NONE', #1768, #1122, #661 ) ;
#125 = FACE_OUTER_BOUND ( 'NONE', #29, .T. ) ;
#126 = ORIENTED_EDGE ( 'NONE', *, *, #1135, .F. ) ;
#127 = FILL_AREA_STYLE ('',( #763 ) ) ;
#128 = AXIS2_PLACEMENT_3D ( 'NONE', #1934, #499, #1148 ) ;
#129 = SPHERICAL_SURFACE ( 'NONE', #572, 0.04000000000000000083 ) ;
#130 = MECHANICAL_DESIGN_GEOMETRIC_PRESENTATION_REPRESENTATION (  '', ( #1847 ), #1814 ) ;
#131 = ORIENTED_EDGE ( 'NONE', *, *, #1403, .T. ) ;
#132 = AXIS2_PLACEMENT_3D ( 'NONE', #1316, #374, #1158 ) ;
#133 = FILL_AREA_STYLE_COLOUR ( '', #676 ) ;
#134 = CIRCLE ( 'NONE', #814, 0.01999999999999999695 ) ;
#135 = DIRECTION ( 'NONE',  ( 0.000000000000000000, 0.000000000000000000, -1.000000000000000000 ) ) ;
#136 = LINE ( 'NONE', #1423, #1140 ) ;
#137 = DIRECTION ( 'NONE',  ( 0.000000000000000000, 0.000000000000000000, 1.000000000000000000 ) ) ;
#138 = VERTEX_POINT ( 'NONE', #1237 ) ;
#139 = SPHERICAL_SURFACE ( 'NONE', #302, 0.04000000000000000083 ) ;
#140 = PLANE ( 'NONE',  #1418 ) ;
#141 = ORIENTED_EDGE ( 'NONE', *, *, #673, .T. ) ;
#142 = CARTESIAN_POINT ( 'NONE',  ( -0.7599999999999998979, 0.000000000000000000, -0.3599999999999998201 ) ) ;
#143 = DIRECTION ( 'NONE',  ( -1.355252715606881036E-16, 0.000000000000000000, 1.000000000000000000 ) ) ;
#144 = EDGE_CURVE ( 'NONE', #416, #2036, #1007, .T. ) ;
#145 =( NAMED_UNIT ( * ) PLANE_ANGLE_UNIT ( ) SI_UNIT ( $, .RADIAN. ) );
#146 = EDGE_LOOP ( 'NONE', ( #1925, #1096, #337, #1987 ) ) ;
#147 = DIRECTION ( 'NONE',  ( -1.000000000000000000, 0.000000000000000000, 1.355252715606881036E-16 ) ) ;
#148 = EDGE_CURVE ( 'NONE', #958, #850, #136, .T. ) ;
#149 = VERTEX_POINT ( 'NONE', #1588 ) ;
#150 =( LENGTH_UNIT ( ) NAMED_UNIT ( * ) SI_UNIT ( .MILLI., .METRE. ) );
#151 = CARTESIAN_POINT ( 'NONE',  ( 0.4999999999999997780, 0.9100000000000000311, -0.3599999999999998201 ) ) ;
#152 =( NAMED_UNIT ( * ) PLANE_ANGLE_UNIT ( ) SI_UNIT ( $, .RADIAN. ) );
#153 = CLOSED_SHELL ( 'NONE', ( #1911, #1228, #208, #662, #456, #1971, #1714, #542, #2022, #2007 ) ) ;
#154 = CARTESIAN_POINT ( 'NONE',  ( -0.5199999999999997957, 0.9100000000000000311, -0.3999999999999998002 ) ) ;
#155 = FACE_OUTER_BOUND ( 'NONE', #277, .T. ) ;
#156 = CARTESIAN_POINT ( 'NONE',  ( -0.4999999999999997780, 0.9499999999999999556, 0.3800000000000000600 ) ) ;
#157 = DIRECTION ( 'NONE',  ( -1.000000000000000000, -0.000000000000000000, 8.673617379884036705E-17 ) ) ;
#158 = EDGE_LOOP ( 'NONE', ( #1186, #1946, #212, #1501 ) ) ;
#159 = CIRCLE ( 'NONE', #535, 0.03999999999999999389 ) ;
#160 = EDGE_CURVE ( 'NONE', #1337, #172, #2052, .T. ) ;
#161 = PRESENTATION_LAYER_ASSIGNMENT (  '', '', ( #1087 ) ) ;
#162 =( NAMED_UNIT ( * ) PLANE_ANGLE_UNIT ( ) SI_UNIT ( $, .RADIAN. ) );
#163 =( LENGTH_UNIT ( ) NAMED_UNIT ( * ) SI_UNIT ( .MILLI., .METRE. ) );
#164 = CIRCLE ( 'NONE', #2070, 0.03999999999999999389 ) ;
#165 = COLOUR_RGB ( '',0.7960784313725489669, 0.8235294117647058432, 0.9372549019607843146 ) ;
#166 = ORIENTED_EDGE ( 'NONE', *, *, #1386, .F. ) ;
#167 = AXIS2_PLACEMENT_3D ( 'NONE', #79, #1859, #516 ) ;
#168 = SURFACE_STYLE_FILL_AREA ( #821 ) ;
#169 = DIRECTION ( 'NONE',  ( 1.000000000000000000, -0.000000000000000000, 1.807003620809174385E-16 ) ) ;
#170 = DIRECTION ( 'NONE',  ( 1.000000000000000000, 0.000000000000000000, -8.673617379884036705E-17 ) ) ;
#171 = CARTESIAN_POINT ( 'NONE',  ( -0.4999999999999998890, 0.9100000000000000311, -0.3599999999999998201 ) ) ;
#172 = VERTEX_POINT ( 'NONE', #924 ) ;
#173 = CARTESIAN_POINT ( 'NONE',  ( 0.7599999999999998979, 0.9499999999999999556, -0.3599999999999998201 ) ) ;
#174 = LINE ( 'NONE', #21, #766 ) ;
#175 = FACE_OUTER_BOUND ( 'NONE', #674, .T. ) ;
#176 = VERTEX_POINT ( 'NONE', #1725 ) ;
#177 = SURFACE_STYLE_FILL_AREA ( #2054 ) ;
#178 = DIRECTION ( 'NONE',  ( 0.000000000000000000, 0.000000000000000000, 1.000000000000000000 ) ) ;
#179 = EDGE_LOOP ( 'NONE', ( #1674, #1061, #1106, #515 ) ) ;
#180 = SURFACE_SIDE_STYLE ('',( #1445 ) ) ;
#181 = LINE ( 'NONE', #316, #1142 ) ;
#182 = EDGE_CURVE ( 'NONE', #647, #631, #868, .T. ) ;
#183 = ORIENTED_EDGE ( 'NONE', *, *, #1123, .T. ) ;
#184 = EDGE_CURVE ( 'NONE', #1388, #216, #1241, .T. ) ;
#185 = CARTESIAN_POINT ( 'NONE',  ( 0.7599999999999997868, 0.9499999999999999556, 0.4000000000000000777 ) ) ;
#186 = SURFACE_STYLE_USAGE ( .BOTH. , #2077 ) ;
#187 = DIRECTION ( 'NONE',  ( 0.000000000000000000, 0.000000000000000000, -1.000000000000000000 ) ) ;
#188 = FACE_OUTER_BOUND ( 'NONE', #937, .T. ) ;
#189 = APPLICATION_PROTOCOL_DEFINITION ( 'draft international standard', 'automotive_design', 1998, #103 ) ;
#190 = ORIENTED_EDGE ( 'NONE', *, *, #432, .T. ) ;
#191 = CARTESIAN_POINT ( 'NONE',  ( 0.5199999999999996847, 0.02000000000000000042, 0.3600000000000000422 ) ) ;
#192 = VERTEX_POINT ( 'NONE', #252 ) ;
#193 = STYLED_ITEM ( 'NONE', ( #974 ), #1313 ) ;
#194 = AXIS2_PLACEMENT_3D ( 'NONE', #414, #902, #1701 ) ;
#195 =( GEOMETRIC_REPRESENTATION_CONTEXT ( 3 ) GLOBAL_UNCERTAINTY_ASSIGNED_CONTEXT ( ( #1192 ) ) GLOBAL_UNIT_ASSIGNED_CONTEXT ( ( #1772, #798, #481 ) ) REPRESENTATION_CONTEXT ( 'NONE', 'WORKASPACE' ) );
#196 =( GEOMETRIC_REPRESENTATION_CONTEXT ( 3 ) GLOBAL_UNCERTAINTY_ASSIGNED_CONTEXT ( ( #1722 ) ) GLOBAL_UNIT_ASSIGNED_CONTEXT ( ( #115, #1854, #1537 ) ) REPRESENTATION_CONTEXT ( 'NONE', 'WORKASPACE' ) );
#197 = DIRECTION ( 'NONE',  ( 0.000000000000000000, 0.000000000000000000, 1.000000000000000000 ) ) ;
#198 = TOROIDAL_SURFACE ( 'NONE', #167, 0.02000000000000000042, 0.02000000000000000042 ) ;
#199 = CIRCLE ( 'NONE', #1688, 0.02000000000000005246 ) ;
#200 = DIRECTION ( 'NONE',  ( 1.355252715606881036E-16, 0.000000000000000000, 1.000000000000000000 ) ) ;
#201 = FACE_OUTER_BOUND ( 'NONE', #158, .T. ) ;
#202 =( NAMED_UNIT ( * ) SI_UNIT ( $, .STERADIAN. ) SOLID_ANGLE_UNIT ( ) );
#203 = VERTEX_POINT ( 'NONE', #420 ) ;
#204 =( NAMED_UNIT ( * ) SI_UNIT ( $, .STERADIAN. ) SOLID_ANGLE_UNIT ( ) );
#205 = DIRECTION ( 'NONE',  ( 1.000000000000000000, 0.000000000000000000, 0.000000000000000000 ) ) ;
#206 = ORIENTED_EDGE ( 'NONE', *, *, #1918, .F. ) ;
#207 = DIRECTION ( 'NONE',  ( 0.000000000000000000, 0.000000000000000000, 1.000000000000000000 ) ) ;
#208 = ADVANCED_FACE ( 'NONE', ( #1262 ), #453, .F. ) ;
#209 =( LENGTH_UNIT ( ) NAMED_UNIT ( * ) SI_UNIT ( .MILLI., .METRE. ) );
#210 = PLANE ( 'NONE',  #1517 ) ;
#211 = FILL_AREA_STYLE_COLOUR ( '', #407 ) ;
#212 = ORIENTED_EDGE ( 'NONE', *, *, #1792, .T. ) ;
#213 = CARTESIAN_POINT ( 'NONE',  ( 0.7999999999999999334, 0.9499999999999999556, -0.3599999999999998201 ) ) ;
#214 = ADVANCED_FACE ( 'NONE', ( #1102 ), #916, .T. ) ;
#215 = DIRECTION ( 'NONE',  ( -1.000000000000000000, 0.000000000000000000, 0.000000000000000000 ) ) ;
#216 = VERTEX_POINT ( 'NONE', #605 ) ;
#217 = SURFACE_SIDE_STYLE ('',( #1379 ) ) ;
#218 = CARTESIAN_POINT ( 'NONE',  ( -0.4999999999999997780, 0.03999999999999999389, 0.3800000000000000600 ) ) ;
#219 = ORIENTED_EDGE ( 'NONE', *, *, #1930, .T. ) ;
#220 = CLOSED_SHELL ( 'NONE', ( #1770, #618, #815, #784, #1076, #854, #2064, #1068, #11, #1467, #685, #1712, #1734, #1098, #524, #1557, #121, #1867, #214, #881, #1813, #1836, #413, #747, #1996, #1320 ) ) ;
#221 = DIRECTION ( 'NONE',  ( 0.000000000000000000, 0.000000000000000000, -1.000000000000000000 ) ) ;
#222 = DIRECTION ( 'NONE',  ( 1.000000000000000000, 0.000000000000000000, 0.000000000000000000 ) ) ;
#223 = AXIS2_PLACEMENT_3D ( 'NONE', #1565, #105, #112 ) ;
#224 = ORIENTED_EDGE ( 'NONE', *, *, #1432, .F. ) ;
#225 = EDGE_CURVE ( 'NONE', #856, #1146, #1276, .T. ) ;
#226 = CARTESIAN_POINT ( 'NONE',  ( -0.5199999999999999067, 0.03999999999999999389, -0.3799999999999997824 ) ) ;
#227 = VECTOR ( 'NONE', #1503, 1000.000000000000000 ) ;
#228 = FILL_AREA_STYLE_COLOUR ( '', #930 ) ;
#229 = PRESENTATION_LAYER_ASSIGNMENT (  '', '', ( #1014 ) ) ;
#230 = VECTOR ( 'NONE', #390, 1000.000000000000000 ) ;
#231 = AXIS2_PLACEMENT_3D ( 'NONE', #636, #1275, #973 ) ;
#232 = STYLED_ITEM ( 'NONE', ( #1953 ), #971 ) ;
#233 = DIRECTION ( 'NONE',  ( -1.000000000000000000, 0.000000000000000000, 1.355252715606881036E-16 ) ) ;
#234 = DIRECTION ( 'NONE',  ( 0.000000000000000000, 1.129377263005734361E-16, -1.000000000000000000 ) ) ;
#235 = MECHANICAL_DESIGN_GEOMETRIC_PRESENTATION_REPRESENTATION (  '', ( #1482 ), #883 ) ;
#236 = FACE_OUTER_BOUND ( 'NONE', #984, .T. ) ;
#237 = VERTEX_POINT ( 'NONE', #1433 ) ;
#238 = STYLED_ITEM ( 'NONE', ( #1121 ), #866 ) ;
#239 = LINE ( 'NONE', #30, #2005 ) ;
#240 = EDGE_CURVE ( 'NONE', #1860, #1791, #444, .T. ) ;
#241 = ORIENTED_EDGE ( 'NONE', *, *, #964, .F. ) ;
#242 = LINE ( 'NONE', #1844, #471 ) ;
#243 = CARTESIAN_POINT ( 'NONE',  ( -0.7599999999999998979, 0.000000000000000000, 1.029992063861229336E-16 ) ) ;
#244 = UNCERTAINTY_MEASURE_WITH_UNIT (LENGTH_MEASURE( 1.000000000000000082E-05 ), #2034, 'distance_accuracy_value', 'NONE');
#245 = DIRECTION ( 'NONE',  ( -0.000000000000000000, -0.000000000000000000, -1.000000000000000000 ) ) ;
#246 = ORIENTED_EDGE ( 'NONE', *, *, #1646, .F. ) ;
#247 = DIRECTION ( 'NONE',  ( -0.000000000000000000, -1.000000000000000000, -0.000000000000000000 ) ) ;
#248 = CARTESIAN_POINT ( 'NONE',  ( 0.4999999999881765689, 0.03999999999999999389, -0.3799999999999998379 ) ) ;
#249 = ORIENTED_EDGE ( 'NONE', *, *, #1035, .F. ) ;
#250 = DIRECTION ( 'NONE',  ( 0.000000000000000000, 0.000000000000000000, 1.000000000000000000 ) ) ;
#251 = FACE_OUTER_BOUND ( 'NONE', #1166, .T. ) ;
#252 = CARTESIAN_POINT ( 'NONE',  ( 0.4999999999999998890, 0.03999999999999999389, -0.3799999999999997824 ) ) ;
#253 = ADVANCED_FACE ( 'NONE', ( #285 ), #931, .T. ) ;
#254 =( LENGTH_UNIT ( ) NAMED_UNIT ( * ) SI_UNIT ( .MILLI., .METRE. ) );
#255 = VERTEX_POINT ( 'NONE', #1300 ) ;
#256 = CARTESIAN_POINT ( 'NONE',  ( -0.7599999999999997868, 0.04000000000000000083, 0.3600000000000000977 ) ) ;
#257 = ORIENTED_EDGE ( 'NONE', *, *, #1945, .F. ) ;
#258 = CIRCLE ( 'NONE', #1308, 0.03999999999999999389 ) ;
#259 = CARTESIAN_POINT ( 'NONE',  ( 0.5199999999999996847, 0.9100000000000000311, 0.3600000000000000422 ) ) ;
#260 = DIRECTION ( 'NONE',  ( 1.000000000000000000, -0.000000000000000000, -1.355252715606881036E-16 ) ) ;
#261 = DIRECTION ( 'NONE',  ( 0.000000000000000000, 0.000000000000000000, -1.000000000000000000 ) ) ;
#262 = AXIS2_PLACEMENT_3D ( 'NONE', #1368, #1993, #1066 ) ;
#263 = UNCERTAINTY_MEASURE_WITH_UNIT (LENGTH_MEASURE( 1.000000000000000082E-05 ), #387, 'distance_accuracy_value', 'NONE');
#264 = VECTOR ( 'NONE', #810, 1000.000000000000000 ) ;
#265 = VECTOR ( 'NONE', #234, 1000.000000000000000 ) ;
#266 = VERTEX_POINT ( 'NONE', #154 ) ;
#267 = AXIS2_PLACEMENT_3D ( 'NONE', #1280, #620, #487 ) ;
#268 = FILL_AREA_STYLE ('',( #598 ) ) ;
#269 = CARTESIAN_POINT ( 'NONE',  ( -0.7599999999999997868, 0.9499999999999999556, 0.4000000000000000777 ) ) ;
#270 = AXIS2_PLACEMENT_3D ( 'NONE', #419, #1085, #2042 ) ;
#271 = ORIENTED_EDGE ( 'NONE', *, *, #1207, .F. ) ;
#272 = CARTESIAN_POINT ( 'NONE',  ( -0.4999999999999998890, 0.9499999999999999556, -0.3799999999999997824 ) ) ;
#273 = DIRECTION ( 'NONE',  ( -1.000000000000000000, 0.000000000000000000, 0.000000000000000000 ) ) ;
#274 = CARTESIAN_POINT ( 'NONE',  ( -0.5199999999999999067, 0.9100000000000000311, -0.3799999999999997824 ) ) ;
#275 = LINE ( 'NONE', #1059, #436 ) ;
#276 = EDGE_CURVE ( 'NONE', #176, #1461, #174, .T. ) ;
#277 = EDGE_LOOP ( 'NONE', ( #1576, #2050, #131, #80 ) ) ;
#278 = PRESENTATION_STYLE_ASSIGNMENT (( #288 ) ) ;
#279 = DIRECTION ( 'NONE',  ( 0.000000000000000000, -1.000000000000000000, 0.000000000000000000 ) ) ;
#280 = ORIENTED_EDGE ( 'NONE', *, *, #1408, .T. ) ;
#281 = EDGE_CURVE ( 'NONE', #107, #1864, #684, .T. ) ;
#282 =( NAMED_UNIT ( * ) SI_UNIT ( $, .STERADIAN. ) SOLID_ANGLE_UNIT ( ) );
#283 = UNCERTAINTY_MEASURE_WITH_UNIT (LENGTH_MEASURE( 1.000000000000000082E-05 ), #632, 'distance_accuracy_value', 'NONE');
#284 = FACE_OUTER_BOUND ( 'NONE', #994, .T. ) ;
#285 = FACE_OUTER_BOUND ( 'NONE', #736, .T. ) ;
#286 = DIRECTION ( 'NONE',  ( -1.000000000000000000, -0.000000000000000000, 1.807003620809174385E-16 ) ) ;
#287 = EDGE_LOOP ( 'NONE', ( #1240, #900, #2025, #482 ) ) ;
#288 = SURFACE_STYLE_USAGE ( .BOTH. , #1402 ) ;
#289 = CARTESIAN_POINT ( 'NONE',  ( 0.4999999999999997780, 0.03999999999999999389, -0.3599999999999998201 ) ) ;
#290 = ORIENTED_EDGE ( 'NONE', *, *, #384, .F. ) ;
#291 = FILL_AREA_STYLE ('',( #133 ) ) ;
#292 = DIRECTION ( 'NONE',  ( 0.000000000000000000, 0.000000000000000000, 1.000000000000000000 ) ) ;
#293 = EDGE_CURVE ( 'NONE', #1860, #107, #1935, .T. ) ;
#294 = AXIS2_PLACEMENT_3D ( 'NONE', #867, #38, #1040 ) ;
#295 = STYLED_ITEM ( 'NONE', ( #2004 ), #117 ) ;
#296 = PLANE ( 'NONE',  #1452 ) ;
#297 = COLOUR_RGB ( '',0.6901960784313725394, 0.5333333333333333259, 0.2784313725490196179 ) ;
#298 = ORIENTED_EDGE ( 'NONE', *, *, #1690, .F. ) ;
#299 = PRESENTATION_STYLE_ASSIGNMENT (( #312 ) ) ;
#300 =( GEOMETRIC_REPRESENTATION_CONTEXT ( 3 ) GLOBAL_UNCERTAINTY_ASSIGNED_CONTEXT ( ( #68 ) ) GLOBAL_UNIT_ASSIGNED_CONTEXT ( ( #1862, #423, #1397 ) ) REPRESENTATION_CONTEXT ( 'NONE', 'WORKASPACE' ) );
#301 = SURFACE_SIDE_STYLE ('',( #1428 ) ) ;
#302 = AXIS2_PLACEMENT_3D ( 'NONE', #1126, #1923, #1272 ) ;
#303 = ORIENTED_EDGE ( 'NONE', *, *, #719, .F. ) ;
#304 = AXIS2_PLACEMENT_3D ( 'NONE', #774, #1112, #310 ) ;
#305 = FACE_OUTER_BOUND ( 'NONE', #480, .T. ) ;
#306 = UNCERTAINTY_MEASURE_WITH_UNIT (LENGTH_MEASURE( 1.000000000000000082E-05 ), #1413, 'distance_accuracy_value', 'NONE');
#307 = EDGE_CURVE ( 'NONE', #1891, #2012, #1710, .T. ) ;
#308 = DIRECTION ( 'NONE',  ( -1.000000000000000000, 0.000000000000000000, 8.673617379884036705E-17 ) ) ;
#309 = DIRECTION ( 'NONE',  ( 1.355252715606880789E-16, -0.000000000000000000, -1.000000000000000000 ) ) ;
#310 = DIRECTION ( 'NONE',  ( 0.000000000000000000, 0.000000000000000000, -1.000000000000000000 ) ) ;
#311 = ORIENTED_EDGE ( 'NONE', *, *, #1403, .F. ) ;
#312 = SURFACE_STYLE_USAGE ( .BOTH. , #1265 ) ;
#313 = LINE ( 'NONE', #960, #1479 ) ;
#314 = ORIENTED_EDGE ( 'NONE', *, *, #148, .F. ) ;
#315 = SURFACE_SIDE_STYLE ('',( #668 ) ) ;
#316 = CARTESIAN_POINT ( 'NONE',  ( 0.4999999999999997780, 0.9300000000000000488, 6.776263578034402713E-17 ) ) ;
#317 = CARTESIAN_POINT ( 'NONE',  ( 0.5199999999999997957, 0.02000000000000005246, -0.3999999999999998002 ) ) ;
#318 = EDGE_CURVE ( 'NONE', #1438, #1337, #1545, .T. ) ;
#319 = EDGE_LOOP ( 'NONE', ( #1736, #332, #9 ) ) ;
#320 = DIRECTION ( 'NONE',  ( 0.000000000000000000, 0.000000000000000000, 1.000000000000000000 ) ) ;
#321 = FILL_AREA_STYLE ('',( #666 ) ) ;
#322 = ORIENTED_EDGE ( 'NONE', *, *, #802, .T. ) ;
#323 = DIRECTION ( 'NONE',  ( 0.000000000000000000, -1.000000000000000000, 0.000000000000000000 ) ) ;
#324 = DIRECTION ( 'NONE',  ( 1.000000000000000000, 0.000000000000000000, -1.355252715606878077E-16 ) ) ;
#325 =( NAMED_UNIT ( * ) SI_UNIT ( $, .STERADIAN. ) SOLID_ANGLE_UNIT ( ) );
#326 = DIRECTION ( 'NONE',  ( -1.000000000000000000, 0.000000000000000000, 0.000000000000000000 ) ) ;
#327 = CYLINDRICAL_SURFACE ( 'NONE', #267, 0.03999999999999999389 ) ;
#328 = PRESENTATION_LAYER_ASSIGNMENT (  '', '', ( #295 ) ) ;
#329 = ORIENTED_EDGE ( 'NONE', *, *, #808, .F. ) ;
#330 = CARTESIAN_POINT ( 'NONE',  ( 0.5199999999999997957, 0.9499999999999999556, -0.3599999999999998201 ) ) ;
#331 = CARTESIAN_POINT ( 'NONE',  ( -0.7599999999999997868, 0.9100000000000000311, 0.3600000000000000977 ) ) ;
#332 = ORIENTED_EDGE ( 'NONE', *, *, #144, .T. ) ;
#333 = CIRCLE ( 'NONE', #641, 0.01999999999999999695 ) ;
#334 = DIRECTION ( 'NONE',  ( 0.000000000000000000, -1.000000000000000000, 0.000000000000000000 ) ) ;
#335 = AXIS2_PLACEMENT_3D ( 'NONE', #566, #874, #1538 ) ;
#336 = PRESENTATION_LAYER_ASSIGNMENT (  '', '', ( #23 ) ) ;
#337 = ORIENTED_EDGE ( 'NONE', *, *, #1505, .T. ) ;
#338 = CIRCLE ( 'NONE', #22, 0.03999999999999999389 ) ;
#339 = CIRCLE ( 'NONE', #1056, 0.03999999999999999389 ) ;
#340 = PRESENTATION_LAYER_ASSIGNMENT (  '', '', ( #238 ) ) ;
#341 = LINE ( 'NONE', #2075, #1172 ) ;
#342 = SURFACE_SIDE_STYLE ('',( #168 ) ) ;
#343 = ORIENTED_EDGE ( 'NONE', *, *, #2072, .F. ) ;
#344 = DIRECTION ( 'NONE',  ( 0.000000000000000000, 0.000000000000000000, 1.000000000000000000 ) ) ;
#345 = EDGE_LOOP ( 'NONE', ( #689, #17, #1398, #48 ) ) ;
#346 = EDGE_CURVE ( 'NONE', #615, #1664, #1811, .T. ) ;
#347 = DIRECTION ( 'NONE',  ( 0.000000000000000000, 0.000000000000000000, -1.000000000000000000 ) ) ;
#348 = CARTESIAN_POINT ( 'NONE',  ( 0.7599999999999998979, 0.9100000000000000311, -0.3999999999999998002 ) ) ;
#349 = EDGE_LOOP ( 'NONE', ( #890, #1826, #523, #871 ) ) ;
#350 = EDGE_CURVE ( 'NONE', #237, #864, #341, .T. ) ;
#351 =( NAMED_UNIT ( * ) PLANE_ANGLE_UNIT ( ) SI_UNIT ( $, .RADIAN. ) );
#352 = CARTESIAN_POINT ( 'NONE',  ( 0.7599999999999998979, 0.03999999999999999389, -0.3599999999999998201 ) ) ;
#353 = CARTESIAN_POINT ( 'NONE',  ( 0.000000000000000000, 0.000000000000000000, -0.3599999999999998201 ) ) ;
#354 = CIRCLE ( 'NONE', #418, 0.02000000000000005246 ) ;
#355 = CARTESIAN_POINT ( 'NONE',  ( 0.7999999999999999334, 0.9100000000000000311, -0.3599999999999998201 ) ) ;
#356 = EDGE_LOOP ( 'NONE', ( #1114, #183, #2053, #424 ) ) ;
#357 = CARTESIAN_POINT ( 'NONE',  ( -0.7599999999999997868, 0.000000000000000000, 0.3600000000000000977 ) ) ;
#358 = FILL_AREA_STYLE_COLOUR ( '', #1349 ) ;
#359 = ORIENTED_EDGE ( 'NONE', *, *, #589, .T. ) ;
#360 = AXIS2_PLACEMENT_3D ( 'NONE', #619, #1554, #2023 ) ;
#361 = CARTESIAN_POINT ( 'NONE',  ( -0.4999999999999997780, 0.9499999999999999556, 0.3600000000000000422 ) ) ;
#362 = CARTESIAN_POINT ( 'NONE',  ( 500000.0000000000582, 0.01999999999999997266, 0.3599999999566318998 ) ) ;
#363 = ORIENTED_EDGE ( 'NONE', *, *, #565, .T. ) ;
#364 = CARTESIAN_POINT ( 'NONE',  ( 0.7599999999999997868, 0.9100000000000000311, 0.3600000000000000977 ) ) ;
#365 = PRESENTATION_LAYER_ASSIGNMENT (  '', '', ( #1778 ) ) ;
#366 = AXIS2_PLACEMENT_3D ( 'NONE', #1964, #857, #1493 ) ;
#367 = EDGE_CURVE ( 'NONE', #1979, #376, #258, .T. ) ;
#368 = AXIS2_PLACEMENT_3D ( 'NONE', #1104, #789, #2065 ) ;
#369 = SURFACE_STYLE_FILL_AREA ( #519 ) ;
#370 = PRESENTATION_LAYER_ASSIGNMENT (  '', '', ( #1482 ) ) ;
#371 = ADVANCED_FACE ( 'NONE', ( #1940 ), #1628, .F. ) ;
#372 = AXIS2_PLACEMENT_3D ( 'NONE', #1168, #41, #1131 ) ;
#373 = EDGE_CURVE ( 'NONE', #642, #1860, #1803, .T. ) ;
#374 = DIRECTION ( 'NONE',  ( -0.000000000000000000, -1.000000000000000000, -0.000000000000000000 ) ) ;
#375 = DIRECTION ( 'NONE',  ( -1.000000000000000000, 0.000000000000000000, 1.355252715606879063E-16 ) ) ;
#376 = VERTEX_POINT ( 'NONE', #401 ) ;
#377 = LINE ( 'NONE', #1197, #773 ) ;
#378 = CARTESIAN_POINT ( 'NONE',  ( 0.7999999999999998224, 0.03999999999999999389, 0.4000000000000000777 ) ) ;
#379 = ORIENTED_EDGE ( 'NONE', *, *, #607, .T. ) ;
#380 = SURFACE_STYLE_USAGE ( .BOTH. , #1183 ) ;
#381 =( NAMED_UNIT ( * ) PLANE_ANGLE_UNIT ( ) SI_UNIT ( $, .RADIAN. ) );
#382 =( NAMED_UNIT ( * ) SI_UNIT ( $, .STERADIAN. ) SOLID_ANGLE_UNIT ( ) );
#383 = CARTESIAN_POINT ( 'NONE',  ( -0.5199999999999996847, 0.9299999999999999378, 0.3600000000000000422 ) ) ;
#384 = EDGE_CURVE ( 'NONE', #1641, #756, #76, .T. ) ;
#385 = ORIENTED_EDGE ( 'NONE', *, *, #27, .F. ) ;
#386 = CARTESIAN_POINT ( 'NONE',  ( -0.7599999999999997868, 0.03999999999999999389, 0.3600000000000000977 ) ) ;
#387 =( LENGTH_UNIT ( ) NAMED_UNIT ( * ) SI_UNIT ( .MILLI., .METRE. ) );
#388 = VERTEX_POINT ( 'NONE', #882 ) ;
#389 = PRESENTATION_STYLE_ASSIGNMENT (( #1834 ) ) ;
#390 = DIRECTION ( 'NONE',  ( -0.000000000000000000, 1.000000000000000000, -0.000000000000000000 ) ) ;
#391 = LINE ( 'NONE', #1488, #1542 ) ;
#392 = CARTESIAN_POINT ( 'NONE',  ( 0.7999999999999999334, 0.9499999999999999556, -0.3999999999999998002 ) ) ;
#393 = CARTESIAN_POINT ( 'NONE',  ( 0.4999999999999998890, 0.02000000000000005246, -0.3999999999999998002 ) ) ;
#394 = EDGE_CURVE ( 'NONE', #203, #691, #672, .T. ) ;
#395 = ORIENTED_EDGE ( 'NONE', *, *, #1532, .F. ) ;
#396 = SURFACE_SIDE_STYLE ('',( #1003 ) ) ;
#397 = AXIS2_PLACEMENT_3D ( 'NONE', #1694, #233, #1858 ) ;
#398 = ORIENTED_EDGE ( 'NONE', *, *, #1494, .F. ) ;
#399 = DIRECTION ( 'NONE',  ( -0.000000000000000000, 1.000000000000000000, 0.000000000000000000 ) ) ;
#400 = STYLED_ITEM ( 'NONE', ( #459 ), #1254 ) ;
#401 = CARTESIAN_POINT ( 'NONE',  ( -0.5199999999999996847, 0.9499999999999999556, 0.3600000000000000422 ) ) ;
#402 = CIRCLE ( 'NONE', #1585, 0.03999999999999999389 ) ;
#403 = PRESENTATION_LAYER_ASSIGNMENT (  '', '', ( #1476 ) ) ;
#404 = AXIS2_PLACEMENT_3D ( 'NONE', #576, #1535, #1695 ) ;
#405 = STYLED_ITEM ( 'NONE', ( #299 ), #819 ) ;
#406 = DIRECTION ( 'NONE',  ( 0.000000000000000000, 0.000000000000000000, -1.000000000000000000 ) ) ;
#407 = COLOUR_RGB ( '',0.7921568627450980005, 0.8196078431372548767, 0.9333333333333333481 ) ;
#408 = SURFACE_STYLE_FILL_AREA ( #853 ) ;
#409 = EDGE_LOOP ( 'NONE', ( #411, #1373, #926, #246 ) ) ;
#410 = CARTESIAN_POINT ( 'NONE',  ( 0.4999999999999997780, 0.9499999999999999556, 0.3600000000000000422 ) ) ;
#411 = ORIENTED_EDGE ( 'NONE', *, *, #1006, .T. ) ;
#412 = CARTESIAN_POINT ( 'NONE',  ( 0.4999999999999998890, 0.03999999999999999389, -0.3599999999999998201 ) ) ;
#413 = ADVANCED_FACE ( 'NONE', ( #1038 ), #700, .T. ) ;
#414 = CARTESIAN_POINT ( 'NONE',  ( -0.7999999999999999334, 0.03999999999999999389, -0.3599999999999998201 ) ) ;
#415 = FILL_AREA_STYLE_COLOUR ( '', #1204 ) ;
#416 = VERTEX_POINT ( 'NONE', #1345 ) ;
#417 = ORIENTED_EDGE ( 'NONE', *, *, #281, .F. ) ;
#418 = AXIS2_PLACEMENT_3D ( 'NONE', #1497, #895, #852 ) ;
#419 = CARTESIAN_POINT ( 'NONE',  ( 500000.0000000000582, 0.03999999999999999389, -0.3600000000433679626 ) ) ;
#420 = CARTESIAN_POINT ( 'NONE',  ( 0.4999999999999998890, 0.02000000000000005246, -0.3599999999999998201 ) ) ;
#421 = DIRECTION ( 'NONE',  ( -1.000000000000000000, 0.000000000000000000, 0.000000000000000000 ) ) ;
#422 = ORIENTED_EDGE ( 'NONE', *, *, #1727, .F. ) ;
#423 =( NAMED_UNIT ( * ) PLANE_ANGLE_UNIT ( ) SI_UNIT ( $, .RADIAN. ) );
#424 = ORIENTED_EDGE ( 'NONE', *, *, #997, .T. ) ;
#425 =( GEOMETRIC_REPRESENTATION_CONTEXT ( 3 ) GLOBAL_UNCERTAINTY_ASSIGNED_CONTEXT ( ( #474 ) ) GLOBAL_UNIT_ASSIGNED_CONTEXT ( ( #795, #510, #494 ) ) REPRESENTATION_CONTEXT ( 'NONE', 'WORKASPACE' ) );
#426 = FILL_AREA_STYLE_COLOUR ( '', #89 ) ;
#427 = UNCERTAINTY_MEASURE_WITH_UNIT (LENGTH_MEASURE( 1.000000000000000082E-05 ), #1794, 'distance_accuracy_value', 'NONE');
#428 = DIRECTION ( 'NONE',  ( 0.000000000000000000, -1.000000000000000000, 0.000000000000000000 ) ) ;
#429 = EDGE_CURVE ( 'NONE', #1913, #1496, #1332, .T. ) ;
#430 = AXIS2_PLACEMENT_3D ( 'NONE', #1991, #990, #1629 ) ;
#431 = CARTESIAN_POINT ( 'NONE',  ( 0.4999999999999998890, 0.9100000000000000311, -0.3999999999999998002 ) ) ;
#432 = EDGE_CURVE ( 'NONE', #216, #2032, #452, .T. ) ;
#433 = STYLED_ITEM ( 'NONE', ( #278 ), #699 ) ;
#434 = PRESENTATION_STYLE_ASSIGNMENT (( #69 ) ) ;
#435 = MECHANICAL_DESIGN_GEOMETRIC_PRESENTATION_REPRESENTATION (  '', ( #1014 ), #1278 ) ;
#436 = VECTOR ( 'NONE', #1566, 1000.000000000000000 ) ;
#437 = EDGE_CURVE ( 'NONE', #586, #2036, #74, .T. ) ;
#438 = ORIENTED_EDGE ( 'NONE', *, *, #1727, .T. ) ;
#439 = DIRECTION ( 'NONE',  ( 0.000000000000000000, -1.000000000000000000, 0.000000000000000000 ) ) ;
#440 =( NAMED_UNIT ( * ) SI_UNIT ( $, .STERADIAN. ) SOLID_ANGLE_UNIT ( ) );
#441 = AXIS2_PLACEMENT_3D ( 'NONE', #1708, #260, #1400 ) ;
#442 = ORIENTED_EDGE ( 'NONE', *, *, #1983, .F. ) ;
#443 = DIRECTION ( 'NONE',  ( 0.000000000000000000, 1.000000000000000000, 0.000000000000000000 ) ) ;
#444 = LINE ( 'NONE', #1573, #1412 ) ;
#445 = SURFACE_STYLE_FILL_AREA ( #2016 ) ;
#446 = ORIENTED_EDGE ( 'NONE', *, *, #787, .F. ) ;
#447 = EDGE_CURVE ( 'NONE', #149, #933, #354, .T. ) ;
#448 = ORIENTED_EDGE ( 'NONE', *, *, #1095, .F. ) ;
#449 =( NAMED_UNIT ( * ) SI_UNIT ( $, .STERADIAN. ) SOLID_ANGLE_UNIT ( ) );
#450 = UNCERTAINTY_MEASURE_WITH_UNIT (LENGTH_MEASURE( 1.000000000000000082E-05 ), #1651, 'distance_accuracy_value', 'NONE');
#451 = DIRECTION ( 'NONE',  ( -1.000000000000000000, -0.000000000000000000, 8.673617379884036705E-17 ) ) ;
#452 = CIRCLE ( 'NONE', #628, 0.01999999999999999695 ) ;
#453 = PLANE ( 'NONE',  #223 ) ;
#454 =( LENGTH_UNIT ( ) NAMED_UNIT ( * ) SI_UNIT ( .MILLI., .METRE. ) );
#455 = ORIENTED_EDGE ( 'NONE', *, *, #1474, .T. ) ;
#456 = ADVANCED_FACE ( 'NONE', ( #1827 ), #1530, .F. ) ;
#457 = FACE_OUTER_BOUND ( 'NONE', #1742, .T. ) ;
#458 = VERTEX_POINT ( 'NONE', #1201 ) ;
#459 = PRESENTATION_STYLE_ASSIGNMENT (( #1582 ) ) ;
#460 = CARTESIAN_POINT ( 'NONE',  ( -0.5199999999999996847, 0.9100000000000000311, 0.4000000000000000222 ) ) ;
#461 = AXIS2_PLACEMENT_3D ( 'NONE', #629, #1067, #785 ) ;
#462 = CARTESIAN_POINT ( 'NONE',  ( 0.7599999999999998979, 0.9100000000000000311, -0.3599999999999998201 ) ) ;
#463 = FACE_OUTER_BOUND ( 'NONE', #349, .T. ) ;
#464 =( GEOMETRIC_REPRESENTATION_CONTEXT ( 3 ) GLOBAL_UNCERTAINTY_ASSIGNED_CONTEXT ( ( #1869 ) ) GLOBAL_UNIT_ASSIGNED_CONTEXT ( ( #1235, #1084, #1873 ) ) REPRESENTATION_CONTEXT ( 'NONE', 'WORKASPACE' ) );
#465 = VECTOR ( 'NONE', #1665, 1000.000000000000000 ) ;
#466 = ORIENTED_EDGE ( 'NONE', *, *, #720, .F. ) ;
#467 = DIRECTION ( 'NONE',  ( 0.000000000000000000, 0.000000000000000000, -1.000000000000000000 ) ) ;
#468 = CIRCLE ( 'NONE', #1938, 0.01999999999999999695 ) ;
#469 = ORIENTED_EDGE ( 'NONE', *, *, #1930, .F. ) ;
#470 = CIRCLE ( 'NONE', #1653, 0.03999999999999999389 ) ;
#471 = VECTOR ( 'NONE', #1865, 1000.000000000000000 ) ;
#472 = FACE_OUTER_BOUND ( 'NONE', #1225, .T. ) ;
#473 = DIRECTION ( 'NONE',  ( -1.355252715606880789E-16, 0.000000000000000000, 1.000000000000000000 ) ) ;
#474 = UNCERTAINTY_MEASURE_WITH_UNIT (LENGTH_MEASURE( 1.000000000000000082E-05 ), #795, 'distance_accuracy_value', 'NONE');
#475 = CIRCLE ( 'NONE', #441, 0.01999999999999999695 ) ;
#476 = CYLINDRICAL_SURFACE ( 'NONE', #1521, 0.03999999999999999389 ) ;
#477 = ADVANCED_FACE ( 'NONE', ( #692 ), #1677, .T. ) ;
#478 = CARTESIAN_POINT ( 'NONE',  ( 0.000000000000000000, 0.000000000000000000, 0.000000000000000000 ) ) ;
#479 = CARTESIAN_POINT ( 'NONE',  ( 500000.0000000000582, 0.9100000000000000311, 0.3799999999566319175 ) ) ;
#480 = EDGE_LOOP ( 'NONE', ( #249, #491, #1879, #190 ) ) ;
#481 =( NAMED_UNIT ( * ) SI_UNIT ( $, .STERADIAN. ) SOLID_ANGLE_UNIT ( ) );
#482 = ORIENTED_EDGE ( 'NONE', *, *, #1916, .F. ) ;
#483 = DIRECTION ( 'NONE',  ( 0.000000000000000000, 0.000000000000000000, -1.000000000000000000 ) ) ;
#484 = CARTESIAN_POINT ( 'NONE',  ( 0.4999999999945247686, 0.9300000000000000488, 0.3599999999999999312 ) ) ;
#485 = SURFACE_STYLE_USAGE ( .BOTH. , #28 ) ;
#486 = DIRECTION ( 'NONE',  ( 0.000000000000000000, 1.000000000000000000, 0.000000000000000000 ) ) ;
#487 = DIRECTION ( 'NONE',  ( 1.000000000000000000, 0.000000000000000000, 0.000000000000000000 ) ) ;
#488 = ORIENTED_EDGE ( 'NONE', *, *, #1444, .F. ) ;
#489 = PLANE ( 'NONE',  #710 ) ;
#490 = SURFACE_STYLE_USAGE ( .BOTH. , #1127 ) ;
#491 = ORIENTED_EDGE ( 'NONE', *, *, #1916, .T. ) ;
#492 = STYLED_ITEM ( 'NONE', ( #1346 ), #77 ) ;
#493 = EDGE_CURVE ( 'NONE', #2012, #862, #1190, .T. ) ;
#494 =( NAMED_UNIT ( * ) SI_UNIT ( $, .STERADIAN. ) SOLID_ANGLE_UNIT ( ) );
#495 = CARTESIAN_POINT ( 'NONE',  ( -0.4999999999999998890, 0.9300000000000000488, -0.3599999999999998201 ) ) ;
#496 = PRESENTATION_LAYER_ASSIGNMENT (  '', '', ( #47 ) ) ;
#497 = LINE ( 'NONE', #1125, #527 ) ;
#498 = DIRECTION ( 'NONE',  ( 0.000000000000000000, 0.000000000000000000, 1.000000000000000000 ) ) ;
#499 = DIRECTION ( 'NONE',  ( 1.000000000000000000, 0.000000000000000000, -8.673617379884036705E-17 ) ) ;
#500 = PRESENTATION_LAYER_ASSIGNMENT (  '', '', ( #400 ) ) ;
#501 = EDGE_CURVE ( 'NONE', #1979, #1715, #1351, .T. ) ;
#502 = ORIENTED_EDGE ( 'NONE', *, *, #903, .T. ) ;
#503 =( LENGTH_UNIT ( ) NAMED_UNIT ( * ) SI_UNIT ( .MILLI., .METRE. ) );
#504 = DIRECTION ( 'NONE',  ( -1.000000000000000000, 0.000000000000000000, 0.000000000000000000 ) ) ;
#505 = AXIS2_PLACEMENT_3D ( 'NONE', #2021, #1564, #1074 ) ;
#506 = AXIS2_PLACEMENT_3D ( 'NONE', #1295, #170, #467 ) ;
#507 = ORIENTED_EDGE ( 'NONE', *, *, #547, .F. ) ;
#508 =( GEOMETRIC_REPRESENTATION_CONTEXT ( 3 ) GLOBAL_UNCERTAINTY_ASSIGNED_CONTEXT ( ( #887 ) ) GLOBAL_UNIT_ASSIGNED_CONTEXT ( ( #638, #1759, #1175 ) ) REPRESENTATION_CONTEXT ( 'NONE', 'WORKASPACE' ) );
#509 = MECHANICAL_DESIGN_GEOMETRIC_PRESENTATION_REPRESENTATION (  '', ( #1425 ), #575 ) ;
#510 =( NAMED_UNIT ( * ) PLANE_ANGLE_UNIT ( ) SI_UNIT ( $, .RADIAN. ) );
#511 = ORIENTED_EDGE ( 'NONE', *, *, #1144, .F. ) ;
#512 = PRESENTATION_STYLE_ASSIGNMENT (( #1524 ) ) ;
#513 = PRODUCT ( 'CL10A106KO8NQNC', 'CL10A106KO8NQNC', '', ( #1195 ) ) ;
#514 = CARTESIAN_POINT ( 'NONE',  ( -0.4999999999999998890, 0.02000000000000005246, -0.3599999999999998201 ) ) ;
#515 = ORIENTED_EDGE ( 'NONE', *, *, #1752, .F. ) ;
#516 = DIRECTION ( 'NONE',  ( 1.355252715606881036E-16, 0.000000000000000000, 1.000000000000000000 ) ) ;
#517 =( LENGTH_UNIT ( ) NAMED_UNIT ( * ) SI_UNIT ( .MILLI., .METRE. ) );
#518 = ORIENTED_EDGE ( 'NONE', *, *, #1572, .F. ) ;
#519 = FILL_AREA_STYLE ('',( #228 ) ) ;
#520 = ORIENTED_EDGE ( 'NONE', *, *, #1959, .T. ) ;
#521 = SURFACE_STYLE_USAGE ( .BOTH. , #1021 ) ;
#522 = DIRECTION ( 'NONE',  ( 0.000000000000000000, 0.000000000000000000, -1.000000000000000000 ) ) ;
#523 = ORIENTED_EDGE ( 'NONE', *, *, #346, .F. ) ;
#524 = ADVANCED_FACE ( 'NONE', ( #1217 ), #1857, .T. ) ;
#525 = DIRECTION ( 'NONE',  ( 0.000000000000000000, -1.000000000000000000, 0.000000000000000000 ) ) ;
#526 = FILL_AREA_STYLE_COLOUR ( '', #297 ) ;
#527 = VECTOR ( 'NONE', #1618, 1000.000000000000000 ) ;
#528 = SURFACE_SIDE_STYLE ('',( #693 ) ) ;
#529 = VECTOR ( 'NONE', #865, 1000.000000000000000 ) ;
#530 = CARTESIAN_POINT ( 'NONE',  ( 0.4999999999999997780, 0.9100000000000000311, 0.3600000000000000422 ) ) ;
#531 = FILL_AREA_STYLE_COLOUR ( '', #1420 ) ;
#532 = ORIENTED_EDGE ( 'NONE', *, *, #1271, .F. ) ;
#533 = DIRECTION ( 'NONE',  ( -0.000000000000000000, 1.000000000000000000, -0.000000000000000000 ) ) ;
#534 = SPHERICAL_SURFACE ( 'NONE', #1782, 0.04000000000000000083 ) ;
#535 = AXIS2_PLACEMENT_3D ( 'NONE', #1130, #215, #1825 ) ;
#536 =( GEOMETRIC_REPRESENTATION_CONTEXT ( 3 ) GLOBAL_UNCERTAINTY_ASSIGNED_CONTEXT ( ( #306 ) ) GLOBAL_UNIT_ASSIGNED_CONTEXT ( ( #1413, #81, #1081 ) ) REPRESENTATION_CONTEXT ( 'NONE', 'WORKASPACE' ) );
#537 = AXIS2_PLACEMENT_3D ( 'NONE', #289, #2019, #1744 ) ;
#538 = VECTOR ( 'NONE', #839, 1000.000000000000000 ) ;
#539 = DIRECTION ( 'NONE',  ( 1.000000000000000000, 0.000000000000000000, 0.000000000000000000 ) ) ;
#540 = AXIS2_PLACEMENT_3D ( 'NONE', #173, #1161, #347 ) ;
#541 = VECTOR ( 'NONE', #1469, 1000.000000000000000 ) ;
#542 = ADVANCED_FACE ( 'NONE', ( #251 ), #1541, .T. ) ;
#543 = AXIS2_PLACEMENT_3D ( 'NONE', #582, #443, #1738 ) ;
#544 = DIRECTION ( 'NONE',  ( 1.000000000000000000, 0.000000000000000000, 0.000000000000000000 ) ) ;
#545 = LINE ( 'NONE', #1670, #265 ) ;
#546 = CARTESIAN_POINT ( 'NONE',  ( 0.4999999999881765689, 0.01999999999999997266, 0.3599999998888693264 ) ) ;
#547 = EDGE_CURVE ( 'NONE', #909, #1804, #2003, .T. ) ;
#548 = ORIENTED_EDGE ( 'NONE', *, *, #144, .F. ) ;
#549 = DIRECTION ( 'NONE',  ( 1.000000000000000000, -0.000000000000000000, -1.355252715606881036E-16 ) ) ;
#550 = ORIENTED_EDGE ( 'NONE', *, *, #307, .F. ) ;
#551 = SURFACE_SIDE_STYLE ('',( #1638 ) ) ;
#552 = DIRECTION ( 'NONE',  ( 0.000000000000000000, -1.000000000000000000, 0.000000000000000000 ) ) ;
#553 = CARTESIAN_POINT ( 'NONE',  ( -0.7599999999999997868, 0.9100000000000000311, 0.3600000000000000977 ) ) ;
#554 = CARTESIAN_POINT ( 'NONE',  ( -0.7599999999999998979, 0.03999999999999999389, -0.3999999999999998002 ) ) ;
#555 =( NAMED_UNIT ( * ) PLANE_ANGLE_UNIT ( ) SI_UNIT ( $, .RADIAN. ) );
#556 = ORIENTED_EDGE ( 'NONE', *, *, #350, .F. ) ;
#557 = CARTESIAN_POINT ( 'NONE',  ( 0.7999999999999999334, 0.03999999999999999389, -0.3599999999999998201 ) ) ;
#558 = DIRECTION ( 'NONE',  ( 1.000000000000000000, 0.000000000000000000, 0.000000000000000000 ) ) ;
#559 = ORIENTED_EDGE ( 'NONE', *, *, #1271, .T. ) ;
#560 =( LENGTH_UNIT ( ) NAMED_UNIT ( * ) SI_UNIT ( .MILLI., .METRE. ) );
#561 = PRODUCT_DEFINITION_CONTEXT ( 'detailed design', #1937, 'design' ) ;
#562 = PLANE ( 'NONE',  #648 ) ;
#563 = ORIENTED_EDGE ( 'NONE', *, *, #1184, .F. ) ;
#564 = DIRECTION ( 'NONE',  ( -1.807003620809174385E-16, 0.000000000000000000, -1.000000000000000000 ) ) ;
#565 = EDGE_CURVE ( 'NONE', #192, #1913, #377, .T. ) ;
#566 = CARTESIAN_POINT ( 'NONE',  ( -0.7599999999999998979, 0.03999999999999999389, -0.3599999999999998201 ) ) ;
#567 = ORIENTED_EDGE ( 'NONE', *, *, #593, .F. ) ;
#568 = DIRECTION ( 'NONE',  ( -1.355252715606881036E-16, 0.000000000000000000, 1.000000000000000000 ) ) ;
#569 = MECHANICAL_DESIGN_GEOMETRIC_PRESENTATION_REPRESENTATION (  '', ( #1477 ), #912 ) ;
#570 = COLOUR_RGB ( '',0.7960784313725489669, 0.8235294117647058432, 0.9372549019607843146 ) ;
#571 = CARTESIAN_POINT ( 'NONE',  ( 500000.0000000000582, 0.03999999999999999389, 0.3599999999566318998 ) ) ;
#572 = AXIS2_PLACEMENT_3D ( 'NONE', #1549, #279, #98 ) ;
#573 = AXIS2_PLACEMENT_3D ( 'NONE', #2030, #574, #1255 ) ;
#574 = DIRECTION ( 'NONE',  ( 1.807003620809174385E-16, 0.000000000000000000, -1.000000000000000000 ) ) ;
#575 =( GEOMETRIC_REPRESENTATION_CONTEXT ( 3 ) GLOBAL_UNCERTAINTY_ASSIGNED_CONTEXT ( ( #730 ) ) GLOBAL_UNIT_ASSIGNED_CONTEXT ( ( #1640, #152, #202 ) ) REPRESENTATION_CONTEXT ( 'NONE', 'WORKASPACE' ) );
#576 = CARTESIAN_POINT ( 'NONE',  ( 0.4999999999999997780, 0.03999999999999999389, 0.3600000000000000422 ) ) ;
#577 = ORIENTED_EDGE ( 'NONE', *, *, #493, .T. ) ;
#578 = FACE_OUTER_BOUND ( 'NONE', #1492, .T. ) ;
#579 = DIRECTION ( 'NONE',  ( -1.000000000000000000, -0.000000000000000000, 0.000000000000000000 ) ) ;
#580 = ORIENTED_EDGE ( 'NONE', *, *, #1690, .T. ) ;
#581 = PLANE ( 'NONE',  #430 ) ;
#582 = CARTESIAN_POINT ( 'NONE',  ( -0.5199999999999996847, 0.03999999999999999389, 0.3800000000000000044 ) ) ;
#583 = CARTESIAN_POINT ( 'NONE',  ( -0.7599999999999998979, 0.04000000000000000083, -0.3599999999999998201 ) ) ;
#584 = SURFACE_SIDE_STYLE ('',( #445 ) ) ;
#585 = APPLICATION_PROTOCOL_DEFINITION ( 'draft international standard', 'automotive_design', 1998, #1937 ) ;
#586 = VERTEX_POINT ( 'NONE', #724 ) ;
#587 = DIRECTION ( 'NONE',  ( 0.000000000000000000, 0.000000000000000000, 1.000000000000000000 ) ) ;
#588 = DIRECTION ( 'NONE',  ( 0.000000000000000000, 1.000000000000000000, 0.000000000000000000 ) ) ;
#589 = EDGE_CURVE ( 'NONE', #864, #631, #1044, .T. ) ;
#590 = ORIENTED_EDGE ( 'NONE', *, *, #1692, .F. ) ;
#591 = SURFACE_STYLE_USAGE ( .BOTH. , #1892 ) ;
#592 = PLANE ( 'NONE',  #775 ) ;
#593 = EDGE_CURVE ( 'NONE', #1775, #1745, #1448, .T. ) ;
#594 = EDGE_CURVE ( 'NONE', #416, #647, #239, .T. ) ;
#595 = DIRECTION ( 'NONE',  ( -1.000000000000000000, 0.000000000000000000, -1.807003620809174385E-16 ) ) ;
#596 = FILL_AREA_STYLE ('',( #731 ) ) ;
#597 = ORIENTED_EDGE ( 'NONE', *, *, #758, .T. ) ;
#598 = FILL_AREA_STYLE_COLOUR ( '', #1512 ) ;
#599 = FILL_AREA_STYLE ('',( #1387 ) ) ;
#600 = VECTOR ( 'NONE', #1136, 1000.000000000000000 ) ;
#601 = ORIENTED_EDGE ( 'NONE', *, *, #1773, .T. ) ;
#602 = AXIS2_PLACEMENT_3D ( 'NONE', #1090, #595, #261 ) ;
#603 = CARTESIAN_POINT ( 'NONE',  ( -0.5199999999999997957, 0.9100000000000000311, -0.3599999999999998201 ) ) ;
#604 = COLOUR_RGB ( '',0.7960784313725489669, 0.8235294117647058432, 0.9372549019607843146 ) ;
#605 = CARTESIAN_POINT ( 'NONE',  ( 0.4999999999999997780, 0.9300000000000000488, 0.3600000000000000422 ) ) ;
#606 = STYLED_ITEM ( 'NONE', ( #1277 ), #1249 ) ;
#607 = EDGE_CURVE ( 'NONE', #176, #850, #1907, .T. ) ;
#608 = COLOUR_RGB ( '',0.7960784313725489669, 0.8235294117647058432, 0.9372549019607843146 ) ;
#609 = AXIS2_PLACEMENT_3D ( 'NONE', #1285, #147, #1755 ) ;
#610 = ORIENTED_EDGE ( 'NONE', *, *, #1984, .F. ) ;
#611 = VECTOR ( 'NONE', #702, 1000.000000000000000 ) ;
#612 = MECHANICAL_DESIGN_GEOMETRIC_PRESENTATION_REPRESENTATION (  '', ( #1609 ), #884 ) ;
#613 = DIRECTION ( 'NONE',  ( -1.000000000000000000, -0.000000000000000000, -0.000000000000000000 ) ) ;
#614 = AXIS2_PLACEMENT_3D ( 'NONE', #757, #102, #273 ) ;
#615 = VERTEX_POINT ( 'NONE', #1364 ) ;
#616 = LINE ( 'NONE', #1737, #1581 ) ;
#617 = LINE ( 'NONE', #1874, #1284 ) ;
#618 = ADVANCED_FACE ( 'NONE', ( #1179 ), #1024, .F. ) ;
#619 = CARTESIAN_POINT ( 'NONE',  ( 0.5199999999999996847, 0.9299999999999999378, 0.3600000000000000422 ) ) ;
#620 = DIRECTION ( 'NONE',  ( 1.355252715606880789E-16, 0.000000000000000000, 1.000000000000000000 ) ) ;
#621 = ORIENTED_EDGE ( 'NONE', *, *, #5, .F. ) ;
#622 = CYLINDRICAL_SURFACE ( 'NONE', #368, 0.03999999999999999389 ) ;
#623 = CARTESIAN_POINT ( 'NONE',  ( -0.7999999999999999334, 0.03999999999999999389, -0.3999999999999998002 ) ) ;
#624 = ORIENTED_EDGE ( 'NONE', *, *, #2046, .T. ) ;
#625 = CARTESIAN_POINT ( 'NONE',  ( 0.5199999999999997957, 0.03999999999999999389, -0.3599999999999998201 ) ) ;
#626 = UNCERTAINTY_MEASURE_WITH_UNIT (LENGTH_MEASURE( 1.000000000000000082E-05 ), #1668, 'distance_accuracy_value', 'NONE');
#627 = FACE_OUTER_BOUND ( 'NONE', #753, .T. ) ;
#628 = AXIS2_PLACEMENT_3D ( 'NONE', #1812, #65, #197 ) ;
#629 = CARTESIAN_POINT ( 'NONE',  ( 0.7599999999999997868, 0.03999999999999999389, 0.3600000000000000977 ) ) ;
#630 = CARTESIAN_POINT ( 'NONE',  ( 0.000000000000000000, 0.9100000000000000311, -0.3599999999999998201 ) ) ;
#631 = VERTEX_POINT ( 'NONE', #557 ) ;
#632 =( LENGTH_UNIT ( ) NAMED_UNIT ( * ) SI_UNIT ( .MILLI., .METRE. ) );
#633 = CARTESIAN_POINT ( 'NONE',  ( 0.4999999999945247686, 0.01999999999999995878, 0.3599999999999999312 ) ) ;
#634 = VERTEX_POINT ( 'NONE', #846 ) ;
#635 = EDGE_CURVE ( 'NONE', #615, #1149, #891, .T. ) ;
#636 = CARTESIAN_POINT ( 'NONE',  ( -0.5199999999999996847, 0.02000000000000000042, 0.3600000000000000422 ) ) ;
#637 = FILL_AREA_STYLE ('',( #426 ) ) ;
#638 =( LENGTH_UNIT ( ) NAMED_UNIT ( * ) SI_UNIT ( .MILLI., .METRE. ) );
#639 = MECHANICAL_DESIGN_GEOMETRIC_PRESENTATION_REPRESENTATION (  '', ( #47 ), #1676 ) ;
#640 = DIRECTION ( 'NONE',  ( 1.000000000000000000, -0.000000000000000000, 1.807003620809174385E-16 ) ) ;
#641 = AXIS2_PLACEMENT_3D ( 'NONE', #918, #247, #780 ) ;
#642 = VERTEX_POINT ( 'NONE', #357 ) ;
#643 = CARTESIAN_POINT ( 'NONE',  ( 0.7999999999999999334, 0.03999999999999999389, -0.3999999999999998002 ) ) ;
#644 = COLOUR_RGB ( '',0.7960784313725489669, 0.8235294117647058432, 0.9372549019607843146 ) ;
#645 = PRESENTATION_STYLE_ASSIGNMENT (( #490 ) ) ;
#646 = COLOUR_RGB ( '',0.7960784313725489669, 0.8235294117647058432, 0.9372549019607843146 ) ;
#647 = VERTEX_POINT ( 'NONE', #1956 ) ;
#648 = AXIS2_PLACEMENT_3D ( 'NONE', #362, #1185, #1662 ) ;
#649 = FACE_OUTER_BOUND ( 'NONE', #1895, .T. ) ;
#650 = DIRECTION ( 'NONE',  ( 0.000000000000000000, 0.000000000000000000, -1.000000000000000000 ) ) ;
#651 = DIRECTION ( 'NONE',  ( 1.807003620809174139E-16, 0.000000000000000000, 1.000000000000000000 ) ) ;
#652 = PRESENTATION_STYLE_ASSIGNMENT (( #741 ) ) ;
#653 = DIRECTION ( 'NONE',  ( -0.000000000000000000, -1.000000000000000000, -0.000000000000000000 ) ) ;
#654 = PRESENTATION_STYLE_ASSIGNMENT (( #186 ) ) ;
#655 = DIRECTION ( 'NONE',  ( 0.000000000000000000, -1.000000000000000000, 0.000000000000000000 ) ) ;
#656 = ORIENTED_EDGE ( 'NONE', *, *, #635, .F. ) ;
#657 = SURFACE_SIDE_STYLE ('',( #4 ) ) ;
#658 = EDGE_CURVE ( 'NONE', #2017, #1864, #944, .T. ) ;
#659 = ORIENTED_EDGE ( 'NONE', *, *, #1623, .T. ) ;
#660 = MANIFOLD_SOLID_BREP ( 'Mirror2', #1202 ) ;
#661 = DIRECTION ( 'NONE',  ( 0.000000000000000000, 0.000000000000000000, 1.000000000000000000 ) ) ;
#662 = ADVANCED_FACE ( 'NONE', ( #1502 ), #1527, .T. ) ;
#663 = DIRECTION ( 'NONE',  ( -1.000000000000000000, 0.000000000000000000, 0.000000000000000000 ) ) ;
#664 = ORIENTED_EDGE ( 'NONE', *, *, #240, .F. ) ;
#665 = CARTESIAN_POINT ( 'NONE',  ( -0.7599999999999998979, 0.9100000000000000311, -0.3999999999999998002 ) ) ;
#666 = FILL_AREA_STYLE_COLOUR ( '', #56 ) ;
#667 = ORIENTED_EDGE ( 'NONE', *, *, #432, .F. ) ;
#668 = SURFACE_STYLE_FILL_AREA ( #3 ) ;
#669 = FACE_OUTER_BOUND ( 'NONE', #875, .T. ) ;
#670 =( NAMED_UNIT ( * ) SI_UNIT ( $, .STERADIAN. ) SOLID_ANGLE_UNIT ( ) );
#671 =( NAMED_UNIT ( * ) SI_UNIT ( $, .STERADIAN. ) SOLID_ANGLE_UNIT ( ) );
#672 = CIRCLE ( 'NONE', #2002, 0.02000000000000005246 ) ;
#673 = EDGE_CURVE ( 'NONE', #1149, #107, #697, .T. ) ;
#674 = EDGE_LOOP ( 'NONE', ( #1569, #1363, #1793, #1128 ) ) ;
#675 = DIRECTION ( 'NONE',  ( 0.000000000000000000, 0.000000000000000000, -1.000000000000000000 ) ) ;
#676 = COLOUR_RGB ( '',0.7960784313725489669, 0.8235294117647058432, 0.9372549019607843146 ) ;
#677 = ORIENTED_EDGE ( 'NONE', *, *, #493, .F. ) ;
#678 = VECTOR ( 'NONE', #36, 1000.000000000000000 ) ;
#679 = AXIS2_PLACEMENT_3D ( 'NONE', #1359, #552, #1966 ) ;
#680 = SPHERICAL_SURFACE ( 'NONE', #1941, 0.04000000000000000083 ) ;
#681 = CYLINDRICAL_SURFACE ( 'NONE', #1174, 0.02000000000000005246 ) ;
#682 = AXIS2_PLACEMENT_3D ( 'NONE', #694, #888, #675 ) ;
#683 = TOROIDAL_SURFACE ( 'NONE', #1788, 0.02000000000000000042, 0.02000000000000000042 ) ;
#684 = LINE ( 'NONE', #1324, #1475 ) ;
#685 = ADVANCED_FACE ( 'NONE', ( #45 ), #1977, .T. ) ;
#686 = ORIENTED_EDGE ( 'NONE', *, *, #919, .F. ) ;
#687 = CYLINDRICAL_SURFACE ( 'NONE', #1251, 0.03999999999999999389 ) ;
#688 = SURFACE_SIDE_STYLE ('',( #408 ) ) ;
#689 = ORIENTED_EDGE ( 'NONE', *, *, #919, .T. ) ;
#690 = FILL_AREA_STYLE ('',( #35 ) ) ;
#691 = VERTEX_POINT ( 'NONE', #1354 ) ;
#692 = FACE_OUTER_BOUND ( 'NONE', #893, .T. ) ;
#693 = SURFACE_STYLE_FILL_AREA ( #1219 ) ;
#694 = CARTESIAN_POINT ( 'NONE',  ( 0.7599999999999998979, 0.03999999999999999389, -0.3599999999999998201 ) ) ;
#695 =( LENGTH_UNIT ( ) NAMED_UNIT ( * ) SI_UNIT ( .MILLI., .METRE. ) );
#696 = ORIENTED_EDGE ( 'NONE', *, *, #123, .T. ) ;
#697 = LINE ( 'NONE', #1339, #465 ) ;
#698 = DIRECTION ( 'NONE',  ( -0.000000000000000000, -0.000000000000000000, 1.000000000000000000 ) ) ;
#699 = ADVANCED_FACE ( 'NONE', ( #934 ), #2011, .T. ) ;
#700 = CYLINDRICAL_SURFACE ( 'NONE', #1132, 0.01999999999999999695 ) ;
#701 = AXIS2_PLACEMENT_3D ( 'NONE', #1075, #750, #1868 ) ;
#702 = DIRECTION ( 'NONE',  ( 1.355252715606881036E-16, 0.000000000000000000, -1.000000000000000000 ) ) ;
#703 = ORIENTED_EDGE ( 'NONE', *, *, #1487, .T. ) ;
#704 = CIRCLE ( 'NONE', #95, 0.01999999999999999695 ) ;
#705 = DIRECTION ( 'NONE',  ( 0.000000000000000000, 0.000000000000000000, 1.000000000000000000 ) ) ;
#706 = ORIENTED_EDGE ( 'NONE', *, *, #1945, .T. ) ;
#707 = CIRCLE ( 'NONE', #876, 0.03999999999999999389 ) ;
#708 = MECHANICAL_DESIGN_GEOMETRIC_PRESENTATION_REPRESENTATION (  '', ( #433 ), #536 ) ;
#709 =( LENGTH_UNIT ( ) NAMED_UNIT ( * ) SI_UNIT ( .MILLI., .METRE. ) );
#710 = AXIS2_PLACEMENT_3D ( 'NONE', #822, #1462, #1303 ) ;
#711 =( GEOMETRIC_REPRESENTATION_CONTEXT ( 3 ) GLOBAL_UNCERTAINTY_ASSIGNED_CONTEXT ( ( #1703 ) ) GLOBAL_UNIT_ASSIGNED_CONTEXT ( ( #150, #162, #1129 ) ) REPRESENTATION_CONTEXT ( 'NONE', 'WORKASPACE' ) );
#712 = CIRCLE ( 'NONE', #1786, 0.01999999999999999695 ) ;
#713 = CIRCLE ( 'NONE', #543, 0.01999999999999999695 ) ;
#714 =( NAMED_UNIT ( * ) PLANE_ANGLE_UNIT ( ) SI_UNIT ( $, .RADIAN. ) );
#715 = DIRECTION ( 'NONE',  ( -1.000000000000000000, -0.000000000000000000, -1.355252715606881036E-16 ) ) ;
#716 = ORIENTED_EDGE ( 'NONE', *, *, #429, .F. ) ;
#717 = SURFACE_SIDE_STYLE ('',( #1025 ) ) ;
#718 = ORIENTED_EDGE ( 'NONE', *, *, #1696, .F. ) ;
#719 = EDGE_CURVE ( 'NONE', #691, #1891, #899, .T. ) ;
#720 = EDGE_CURVE ( 'NONE', #1697, #1163, #806, .T. ) ;
#721 = EDGE_CURVE ( 'NONE', #2036, #237, #1071, .T. ) ;
#722 =( NAMED_UNIT ( * ) SI_UNIT ( $, .STERADIAN. ) SOLID_ANGLE_UNIT ( ) );
#723 = ORIENTED_EDGE ( 'NONE', *, *, #66, .F. ) ;
#724 = CARTESIAN_POINT ( 'NONE',  ( 0.7599999999999997868, 0.03999999999999999389, 0.4000000000000000777 ) ) ;
#725 = DIRECTION ( 'NONE',  ( -0.000000000000000000, 1.000000000000000000, -0.000000000000000000 ) ) ;
#726 = ORIENTED_EDGE ( 'NONE', *, *, #307, .T. ) ;
#727 = CARTESIAN_POINT ( 'NONE',  ( 0.7999999999999999334, 0.9499999999999999556, -0.3599999999999998201 ) ) ;
#728 = DIRECTION ( 'NONE',  ( 8.673617379884036705E-17, 1.246209393661499619E-16, 1.000000000000000000 ) ) ;
#729 = FILL_AREA_STYLE ('',( #415 ) ) ;
#730 = UNCERTAINTY_MEASURE_WITH_UNIT (LENGTH_MEASURE( 1.000000000000000082E-05 ), #1640, 'distance_accuracy_value', 'NONE');
#731 = FILL_AREA_STYLE_COLOUR ( '', #947 ) ;
#732 = FACE_OUTER_BOUND ( 'NONE', #409, .T. ) ;
#733 = ORIENTED_EDGE ( 'NONE', *, *, #967, .T. ) ;
#734 = CARTESIAN_POINT ( 'NONE',  ( 0.5199999999999996847, 0.000000000000000000, 7.047314121155777588E-17 ) ) ;
#735 = CARTESIAN_POINT ( 'NONE',  ( 0.4999999999999998890, 0.9300000000000000488, -0.3599999999999998201 ) ) ;
#736 = EDGE_LOOP ( 'NONE', ( #73, #1706, #1091, #438 ) ) ;
#737 = VECTOR ( 'NONE', #858, 1000.000000000000000 ) ;
#738 = COLOUR_RGB ( '',0.7960784313725489669, 0.8235294117647058432, 0.9372549019607843146 ) ;
#739 = CIRCLE ( 'NONE', #1819, 0.03999999999999999389 ) ;
#740 = VECTOR ( 'NONE', #2013, 1000.000000000000000 ) ;
#741 = SURFACE_STYLE_USAGE ( .BOTH. , #1544 ) ;
#742 = EDGE_CURVE ( 'NONE', #1913, #172, #333, .T. ) ;
#743 = DIRECTION ( 'NONE',  ( 1.000000000000000000, 0.000000000000000000, 0.000000000000000000 ) ) ;
#744 = ORIENTED_EDGE ( 'NONE', *, *, #1369, .F. ) ;
#745 = CARTESIAN_POINT ( 'NONE',  ( 500000.0000000000582, 0.03999999999999999389, 0.3799999999566319175 ) ) ;
#746 = ORIENTED_EDGE ( 'NONE', *, *, #2046, .F. ) ;
#747 = ADVANCED_FACE ( 'NONE', ( #578 ), #55, .T. ) ;
#748 = LINE ( 'NONE', #767, #1647 ) ;
#749 = FACE_OUTER_BOUND ( 'NONE', #1547, .T. ) ;
#750 = DIRECTION ( 'NONE',  ( 0.000000000000000000, -0.000000000000000000, 1.000000000000000000 ) ) ;
#751 = UNCERTAINTY_MEASURE_WITH_UNIT (LENGTH_MEASURE( 1.000000000000000082E-05 ), #163, 'distance_accuracy_value', 'NONE');
#752 = FACE_OUTER_BOUND ( 'NONE', #765, .T. ) ;
#753 = EDGE_LOOP ( 'NONE', ( #1656, #1567, #686, #832 ) ) ;
#754 = SURFACE_STYLE_USAGE ( .BOTH. , #1568 ) ;
#755 = CARTESIAN_POINT ( 'NONE',  ( -0.7599999999999998979, 0.9100000000000000311, -0.3599999999999998201 ) ) ;
#756 = VERTEX_POINT ( 'NONE', #1232 ) ;
#757 = CARTESIAN_POINT ( 'NONE',  ( 0.7599999999999997868, 0.9100000000000000311, 0.3600000000000000977 ) ) ;
#758 = EDGE_CURVE ( 'NONE', #1979, #1664, #1427, .T. ) ;
#759 = AXIS2_PLACEMENT_3D ( 'NONE', #37, #728, #1951 ) ;
#760 = CARTESIAN_POINT ( 'NONE',  ( -0.5199999999999997957, 0.02000000000000005246, -0.3999999999999998002 ) ) ;
#761 = DIRECTION ( 'NONE',  ( -1.355252715606881036E-16, -0.000000000000000000, 1.000000000000000000 ) ) ;
#762 = ORIENTED_EDGE ( 'NONE', *, *, #1877, .F. ) ;
#763 = FILL_AREA_STYLE_COLOUR ( '', #570 ) ;
#764 = DIRECTION ( 'NONE',  ( 1.000000000000000000, 0.000000000000000000, 0.000000000000000000 ) ) ;
#765 = EDGE_LOOP ( 'NONE', ( #1189, #980, #1297, #100 ) ) ;
#766 = VECTOR ( 'NONE', #1133, 1000.000000000000000 ) ;
#767 = CARTESIAN_POINT ( 'NONE',  ( 0.7599999999999998979, 0.9499999999999999556, -0.3999999999999998002 ) ) ;
#768 = ADVANCED_FACE ( 'NONE', ( #1871 ), #622, .T. ) ;
#769 = DIRECTION ( 'NONE',  ( 0.000000000000000000, 0.000000000000000000, 1.000000000000000000 ) ) ;
#770 =( GEOMETRIC_REPRESENTATION_CONTEXT ( 3 ) GLOBAL_UNCERTAINTY_ASSIGNED_CONTEXT ( ( #1058 ) ) GLOBAL_UNIT_ASSIGNED_CONTEXT ( ( #517, #18, #1306 ) ) REPRESENTATION_CONTEXT ( 'NONE', 'WORKASPACE' ) );
#771 = DIRECTION ( 'NONE',  ( 0.000000000000000000, 1.000000000000000000, 0.000000000000000000 ) ) ;
#772 = VECTOR ( 'NONE', #157, 1000.000000000000000 ) ;
#773 = VECTOR ( 'NONE', #533, 1000.000000000000000 ) ;
#774 = CARTESIAN_POINT ( 'NONE',  ( -0.7599999999999997868, 0.9499999999999999556, 0.3600000000000000977 ) ) ;
#775 = AXIS2_PLACEMENT_3D ( 'NONE', #1724, #1553, #143 ) ;
#776 = VECTOR ( 'NONE', #1173, 1000.000000000000000 ) ;
#777 = ORIENTED_EDGE ( 'NONE', *, *, #1468, .T. ) ;
#778 = AXIS2_PLACEMENT_3D ( 'NONE', #1525, #905, #743 ) ;
#779 = PRESENTATION_LAYER_ASSIGNMENT (  '', '', ( #1518 ) ) ;
#780 = DIRECTION ( 'NONE',  ( 0.000000000000000000, 0.000000000000000000, 1.000000000000000000 ) ) ;
#781 = FACE_OUTER_BOUND ( 'NONE', #1411, .T. ) ;
#782 = VERTEX_POINT ( 'NONE', #1933 ) ;
#783 = DIRECTION ( 'NONE',  ( -8.673617379884036705E-17, 0.000000000000000000, -1.000000000000000000 ) ) ;
#784 = ADVANCED_FACE ( 'NONE', ( #1599 ), #992, .F. ) ;
#785 = DIRECTION ( 'NONE',  ( -1.000000000000000000, 0.000000000000000000, 0.000000000000000000 ) ) ;
#786 = LINE ( 'NONE', #957, #1484 ) ;
#787 = EDGE_CURVE ( 'NONE', #1149, #850, #1650, .T. ) ;
#788 = VERTEX_POINT ( 'NONE', #330 ) ;
#789 = DIRECTION ( 'NONE',  ( 1.000000000000000000, 0.000000000000000000, 1.807003620809174385E-16 ) ) ;
#790 = CARTESIAN_POINT ( 'NONE',  ( 0.7599999999999998979, 0.9100000000000000311, -0.3599999999999998201 ) ) ;
#791 = ORIENTED_EDGE ( 'NONE', *, *, #2068, .F. ) ;
#792 = PRESENTATION_STYLE_ASSIGNMENT (( #1624 ) ) ;
#793 = DIRECTION ( 'NONE',  ( -0.000000000000000000, 1.000000000000000000, -0.000000000000000000 ) ) ;
#794 = DIRECTION ( 'NONE',  ( 0.000000000000000000, 0.000000000000000000, 1.000000000000000000 ) ) ;
#795 =( LENGTH_UNIT ( ) NAMED_UNIT ( * ) SI_UNIT ( .MILLI., .METRE. ) );
#796 = SURFACE_SIDE_STYLE ('',( #1740 ) ) ;
#797 = DIRECTION ( 'NONE',  ( -1.000000000000000000, -0.000000000000000000, -0.000000000000000000 ) ) ;
#798 =( NAMED_UNIT ( * ) PLANE_ANGLE_UNIT ( ) SI_UNIT ( $, .RADIAN. ) );
#799 = ORIENTED_EDGE ( 'NONE', *, *, #1799, .T. ) ;
#800 = SURFACE_STYLE_FILL_AREA ( #1625 ) ;
#801 = DIRECTION ( 'NONE',  ( -1.000000000000000000, -0.000000000000000000, 1.807003620809174385E-16 ) ) ;
#802 = EDGE_CURVE ( 'NONE', #631, #2036, #16, .T. ) ;
#803 = COLOUR_RGB ( '',0.7960784313725489669, 0.8235294117647058432, 0.9372549019607843146 ) ;
#804 = CYLINDRICAL_SURFACE ( 'NONE', #304, 0.03999999999999999389 ) ;
#805 =( GEOMETRIC_REPRESENTATION_CONTEXT ( 3 ) GLOBAL_UNCERTAINTY_ASSIGNED_CONTEXT ( ( #751 ) ) GLOBAL_UNIT_ASSIGNED_CONTEXT ( ( #163, #834, #825 ) ) REPRESENTATION_CONTEXT ( 'NONE', 'WORKASPACE' ) );
#806 = CIRCLE ( 'NONE', #1968, 0.03999999999999999389 ) ;
#807 = LINE ( 'NONE', #1795, #600 ) ;
#808 = EDGE_CURVE ( 'NONE', #1715, #1775, #1631, .T. ) ;
#809 = VECTOR ( 'NONE', #1105, 1000.000000000000000 ) ;
#810 = DIRECTION ( 'NONE',  ( 1.000000000000000000, -0.000000000000000000, -0.000000000000000000 ) ) ;
#811 = CIRCLE ( 'NONE', #132, 0.01999999999999999695 ) ;
#812 = ORIENTED_EDGE ( 'NONE', *, *, #293, .T. ) ;
#813 = COLOUR_RGB ( '',0.7960784313725489669, 0.8235294117647058432, 0.9372549019607843146 ) ;
#814 = AXIS2_PLACEMENT_3D ( 'NONE', #226, #399, #250 ) ;
#815 = ADVANCED_FACE ( 'NONE', ( #457 ), #7, .F. ) ;
#816 = PRESENTATION_STYLE_ASSIGNMENT (( #1634 ) ) ;
#817 = DIRECTION ( 'NONE',  ( 1.355252715606881036E-16, 0.000000000000000000, 1.000000000000000000 ) ) ;
#818 = ORIENTED_EDGE ( 'NONE', *, *, #1182, .T. ) ;
#819 = ADVANCED_FACE ( 'NONE', ( #1436 ), #139, .T. ) ;
#820 = DIRECTION ( 'NONE',  ( 0.000000000000000000, 1.000000000000000000, -0.000000000000000000 ) ) ;
#821 = FILL_AREA_STYLE ('',( #1615 ) ) ;
#822 = CARTESIAN_POINT ( 'NONE',  ( 0.000000000000000000, 0.000000000000000000, 0.000000000000000000 ) ) ;
#823 = DIRECTION ( 'NONE',  ( 0.000000000000000000, 0.000000000000000000, 1.000000000000000000 ) ) ;
#824 = ORIENTED_EDGE ( 'NONE', *, *, #1028, .T. ) ;
#825 =( NAMED_UNIT ( * ) SI_UNIT ( $, .STERADIAN. ) SOLID_ANGLE_UNIT ( ) );
#826 = EDGE_CURVE ( 'NONE', #34, #1099, #1471, .T. ) ;
#827 = CARTESIAN_POINT ( 'NONE',  ( -0.7599999999999997868, 0.9100000000000000311, 0.3600000000000000977 ) ) ;
#828 = DIRECTION ( 'NONE',  ( 0.000000000000000000, 0.000000000000000000, 1.000000000000000000 ) ) ;
#829 = ORIENTED_EDGE ( 'NONE', *, *, #501, .T. ) ;
#830 = DIRECTION ( 'NONE',  ( -1.355252715606880789E-16, 0.000000000000000000, 1.000000000000000000 ) ) ;
#831 = CARTESIAN_POINT ( 'NONE',  ( -0.7599999999999997868, 0.9100000000000000311, 0.4000000000000000777 ) ) ;
#832 = ORIENTED_EDGE ( 'NONE', *, *, #1637, .F. ) ;
#833 = CARTESIAN_POINT ( 'NONE',  ( 0.4999999999881765689, 0.9100000000000000311, -0.3799999999999999489 ) ) ;
#834 =( NAMED_UNIT ( * ) PLANE_ANGLE_UNIT ( ) SI_UNIT ( $, .RADIAN. ) );
#835 = EDGE_CURVE ( 'NONE', #756, #1099, #1279, .T. ) ;
#836 = AXIS2_PLACEMENT_3D ( 'NONE', #553, #1531, #544 ) ;
#837 = CARTESIAN_POINT ( 'NONE',  ( 0.5199999999999997957, 0.9299999999999999378, 7.047314121155778821E-17 ) ) ;
#838 = DIRECTION ( 'NONE',  ( 0.000000000000000000, 0.000000000000000000, -1.000000000000000000 ) ) ;
#839 = DIRECTION ( 'NONE',  ( 1.000000000000000000, 0.000000000000000000, -1.807003620809174385E-16 ) ) ;
#840 = FACE_OUTER_BOUND ( 'NONE', #1485, .T. ) ;
#842 = VECTOR ( 'NONE', #71, 1000.000000000000000 ) ;
#841 = SURFACE_SIDE_STYLE ('',( #2058 ) ) ;
#843 = VERTEX_POINT ( 'NONE', #1116 ) ;
#844 = VECTOR ( 'NONE', #1355, 1000.000000000000000 ) ;
#845 =( GEOMETRIC_REPRESENTATION_CONTEXT ( 3 ) GLOBAL_UNCERTAINTY_ASSIGNED_CONTEXT ( ( #283 ) ) GLOBAL_UNIT_ASSIGNED_CONTEXT ( ( #632, #950, #981 ) ) REPRESENTATION_CONTEXT ( 'NONE', 'WORKASPACE' ) );
#846 = CARTESIAN_POINT ( 'NONE',  ( 0.4999999999945247686, 0.9100000000000000311, 0.3799999999999999489 ) ) ;
#847 = DIRECTION ( 'NONE',  ( -0.000000000000000000, -0.000000000000000000, -1.000000000000000000 ) ) ;
#848 = CIRCLE ( 'NONE', #505, 0.03999999999999999389 ) ;
#849 = MECHANICAL_DESIGN_GEOMETRIC_PRESENTATION_REPRESENTATION (  '', ( #1018 ), #1617 ) ;
#850 = VERTEX_POINT ( 'NONE', #665 ) ;
#851 = PRESENTATION_LAYER_ASSIGNMENT (  '', '', ( #1425 ) ) ;
#852 = DIRECTION ( 'NONE',  ( 1.000000000000000000, 0.000000000000000000, 0.000000000000000000 ) ) ;
#853 = FILL_AREA_STYLE ('',( #531 ) ) ;
#854 = ADVANCED_FACE ( 'NONE', ( #1763 ), #489, .F. ) ;
#855 = DIRECTION ( 'NONE',  ( 1.355252715606881036E-16, 1.129377263005734361E-16, -1.000000000000000000 ) ) ;
#856 = VERTEX_POINT ( 'NONE', #1193 ) ;
#857 = DIRECTION ( 'NONE',  ( -1.000000000000000000, -0.000000000000000000, 8.673617379884036705E-17 ) ) ;
#858 = DIRECTION ( 'NONE',  ( -1.355252715606881036E-16, 0.000000000000000000, -1.000000000000000000 ) ) ;
#859 = CARTESIAN_POINT ( 'NONE',  ( 0.4999999999999998890, 0.9100000000000000311, -0.3599999999999998201 ) ) ;
#860 =( LENGTH_UNIT ( ) NAMED_UNIT ( * ) SI_UNIT ( .MILLI., .METRE. ) );
#861 = CARTESIAN_POINT ( 'NONE',  ( -0.7999999999999999334, 0.9499999999999999556, -0.3999999999999998002 ) ) ;
#862 = VERTEX_POINT ( 'NONE', #1973 ) ;
#863 = CARTESIAN_POINT ( 'NONE',  ( -0.7999999999999999334, 0.9100000000000000311, -0.3999999999999998002 ) ) ;
#864 = VERTEX_POINT ( 'NONE', #355 ) ;
#865 = DIRECTION ( 'NONE',  ( -1.355252715606880789E-16, -0.000000000000000000, -1.000000000000000000 ) ) ;
#866 = ADVANCED_BREP_SHAPE_REPRESENTATION ( 'CL10A106KO8NQNC', ( #2043, #660, #1391, #778 ), #1218 ) ;
#867 = CARTESIAN_POINT ( 'NONE',  ( 0.5199999999999996847, 0.03999999999999999389, 0.3600000000000000422 ) ) ;
#868 = CIRCLE ( 'NONE', #701, 0.03999999999999999389 ) ;
#869 = FILL_AREA_STYLE ('',( #1837 ) ) ;
#870 = CARTESIAN_POINT ( 'NONE',  ( -0.5199999999999997957, 0.000000000000000000, -0.3599999999999998201 ) ) ;
#871 = ORIENTED_EDGE ( 'NONE', *, *, #1487, .F. ) ;
#872 = ADVANCED_FACE ( 'NONE', ( #1986 ), #1510, .F. ) ;
#873 = AXIS2_PLACEMENT_3D ( 'NONE', #1289, #473, #504 ) ;
#874 = DIRECTION ( 'NONE',  ( -1.000000000000000000, -0.000000000000000000, -0.000000000000000000 ) ) ;
#875 = EDGE_LOOP ( 'NONE', ( #601, #1213, #1464, #718 ) ) ;
#876 = AXIS2_PLACEMENT_3D ( 'NONE', #1989, #698, #1810 ) ;
#877 = PRODUCT_RELATED_PRODUCT_CATEGORY ( 'part', '', ( #513 ) ) ;
#878 = LINE ( 'NONE', #185, #1089 ) ;
#879 = PRESENTATION_LAYER_ASSIGNMENT (  '', '', ( #1250 ) ) ;
#880 = VECTOR ( 'NONE', #830, 1000.000000000000000 ) ;
#881 = ADVANCED_FACE ( 'NONE', ( #1961 ), #983, .T. ) ;
#882 = CARTESIAN_POINT ( 'NONE',  ( -0.4999999999999998890, 0.03999999999999999389, -0.3799999999999997824 ) ) ;
#883 =( GEOMETRIC_REPRESENTATION_CONTEXT ( 3 ) GLOBAL_UNCERTAINTY_ASSIGNED_CONTEXT ( ( #1238 ) ) GLOBAL_UNIT_ASSIGNED_CONTEXT ( ( #695, #555, #722 ) ) REPRESENTATION_CONTEXT ( 'NONE', 'WORKASPACE' ) );
#884 =( GEOMETRIC_REPRESENTATION_CONTEXT ( 3 ) GLOBAL_UNCERTAINTY_ASSIGNED_CONTEXT ( ( #1985 ) ) GLOBAL_UNIT_ASSIGNED_CONTEXT ( ( #1205, #1078, #1878 ) ) REPRESENTATION_CONTEXT ( 'NONE', 'WORKASPACE' ) );
#885 = COLOUR_RGB ( '',0.7960784313725489669, 0.8235294117647058432, 0.9372549019607843146 ) ;
#886 = CYLINDRICAL_SURFACE ( 'NONE', #602, 0.03999999999999999389 ) ;
#887 = UNCERTAINTY_MEASURE_WITH_UNIT (LENGTH_MEASURE( 1.000000000000000082E-05 ), #638, 'distance_accuracy_value', 'NONE');
#888 = DIRECTION ( 'NONE',  ( 0.000000000000000000, -1.000000000000000000, -0.000000000000000000 ) ) ;
#889 = CARTESIAN_POINT ( 'NONE',  ( 0.000000000000000000, 0.9100000000000000311, -0.3599999999999998201 ) ) ;
#890 = ORIENTED_EDGE ( 'NONE', *, *, #658, .F. ) ;
#891 = LINE ( 'NONE', #863, #1108 ) ;
#892 = CARTESIAN_POINT ( 'NONE',  ( -0.7599999999999997868, 0.03999999999999999389, 0.3600000000000000977 ) ) ;
#893 = EDGE_LOOP ( 'NONE', ( #1667, #363, #1798, #1504 ) ) ;
#894 = DIRECTION ( 'NONE',  ( -1.000000000000000000, -0.000000000000000000, -0.000000000000000000 ) ) ;
#895 = DIRECTION ( 'NONE',  ( 0.000000000000000000, 0.000000000000000000, 1.000000000000000000 ) ) ;
#896 =( NAMED_UNIT ( * ) PLANE_ANGLE_UNIT ( ) SI_UNIT ( $, .RADIAN. ) );
#897 = CARTESIAN_POINT ( 'NONE',  ( -0.4999999999999998890, 0.02000000000000005246, -0.3599999999999998201 ) ) ;
#898 = EDGE_LOOP ( 'NONE', ( #2000, #1963, #664, #1928 ) ) ;
#899 = LINE ( 'NONE', #734, #90 ) ;
#900 = ORIENTED_EDGE ( 'NONE', *, *, #720, .T. ) ;
#901 = DIRECTION ( 'NONE',  ( -1.355252715606880789E-16, 0.000000000000000000, 1.000000000000000000 ) ) ;
#902 = DIRECTION ( 'NONE',  ( -1.000000000000000000, -0.000000000000000000, 0.000000000000000000 ) ) ;
#903 = EDGE_CURVE ( 'NONE', #634, #1357, #1053, .T. ) ;
#904 = SURFACE_STYLE_FILL_AREA ( #1702 ) ;
#905 = DIRECTION ( 'NONE',  ( 0.000000000000000000, 0.000000000000000000, 1.000000000000000000 ) ) ;
#906 = ORIENTED_EDGE ( 'NONE', *, *, #835, .F. ) ;
#907 = AXIS2_PLACEMENT_3D ( 'NONE', #827, #820, #1929 ) ;
#908 = EDGE_CURVE ( 'NONE', #1473, #1804, #545, .T. ) ;
#909 = VERTEX_POINT ( 'NONE', #1361 ) ;
#910 = SURFACE_SIDE_STYLE ('',( #938 ) ) ;
#911 = CYLINDRICAL_SURFACE ( 'NONE', #270, 0.01999999999999994491 ) ;
#912 =( GEOMETRIC_REPRESENTATION_CONTEXT ( 3 ) GLOBAL_UNCERTAINTY_ASSIGNED_CONTEXT ( ( #263 ) ) GLOBAL_UNIT_ASSIGNED_CONTEXT ( ( #387, #1365, #1375 ) ) REPRESENTATION_CONTEXT ( 'NONE', 'WORKASPACE' ) );
#913 = VECTOR ( 'NONE', #725, 1000.000000000000000 ) ;
#914 = AXIS2_PLACEMENT_3D ( 'NONE', #1167, #1849, #1483 ) ;
#915 = STYLED_ITEM ( 'NONE', ( #1051 ), #1120 ) ;
#916 = CYLINDRICAL_SURFACE ( 'NONE', #1845, 0.02000000000000005246 ) ;
#917 = ORIENTED_EDGE ( 'NONE', *, *, #225, .F. ) ;
#918 = CARTESIAN_POINT ( 'NONE',  ( 0.5199999999999999067, 0.9100000000000000311, -0.3799999999999997824 ) ) ;
#919 = EDGE_CURVE ( 'NONE', #1461, #376, #1489, .T. ) ;
#920 = SURFACE_SIDE_STYLE ('',( #1258 ) ) ;
#921 = ORIENTED_EDGE ( 'NONE', *, *, #1466, .T. ) ;
#922 =( LENGTH_UNIT ( ) NAMED_UNIT ( * ) SI_UNIT ( .MILLI., .METRE. ) );
#923 = FACE_OUTER_BOUND ( 'NONE', #1435, .T. ) ;
#924 = CARTESIAN_POINT ( 'NONE',  ( 0.5199999999999997957, 0.9100000000000000311, -0.3999999999999998002 ) ) ;
#925 = DIRECTION ( 'NONE',  ( 0.000000000000000000, 0.000000000000000000, 1.000000000000000000 ) ) ;
#926 = ORIENTED_EDGE ( 'NONE', *, *, #1194, .F. ) ;
#927 = CARTESIAN_POINT ( 'NONE',  ( -0.7999999999999998224, 0.9100000000000000311, 0.4000000000000000777 ) ) ;
#928 = ORIENTED_EDGE ( 'NONE', *, *, #635, .T. ) ;
#929 = CYLINDRICAL_SURFACE ( 'NONE', #99, 0.02000000000000005246 ) ;
#930 = COLOUR_RGB ( '',0.7960784313725489669, 0.8235294117647058432, 0.9372549019607843146 ) ;
#931 = CYLINDRICAL_SURFACE ( 'NONE', #1875, 0.02000000000000005246 ) ;
#932 = DIRECTION ( 'NONE',  ( 1.000000000000000000, 0.000000000000000000, 0.000000000000000000 ) ) ;
#933 = VERTEX_POINT ( 'NONE', #1680 ) ;
#934 = FACE_OUTER_BOUND ( 'NONE', #1443, .T. ) ;
#935 = FACE_OUTER_BOUND ( 'NONE', #319, .T. ) ;
#936 = TOROIDAL_SURFACE ( 'NONE', #294, 0.02000000000000000042, 0.02000000000000000042 ) ;
#937 = EDGE_LOOP ( 'NONE', ( #928, #141, #1802, #703 ) ) ;
#938 = SURFACE_STYLE_FILL_AREA ( #291 ) ;
#939 = DIRECTION ( 'NONE',  ( -1.000000000000000000, -0.000000000000000000, -1.355252715606881036E-16 ) ) ;
#940 = PRESENTATION_LAYER_ASSIGNMENT (  '', '', ( #606 ) ) ;
#941 = EDGE_CURVE ( 'NONE', #1208, #634, #1481, .T. ) ;
#942 = DIRECTION ( 'NONE',  ( 1.000000000000000000, 0.000000000000000000, 0.000000000000000000 ) ) ;
#943 = VECTOR ( 'NONE', #1756, 1000.000000000000000 ) ;
#944 = CIRCLE ( 'NONE', #1683, 0.03999999999999999389 ) ;
#945 = CARTESIAN_POINT ( 'NONE',  ( 0.5199999999999999067, 0.03999999999999999389, -0.3799999999999997824 ) ) ;
#946 = AXIS2_PLACEMENT_3D ( 'NONE', #1805, #1362, #375 ) ;
#947 = COLOUR_RGB ( '',0.7960784313725489669, 0.8235294117647058432, 0.9372549019607843146 ) ;
#948 = VERTEX_POINT ( 'NONE', #1818 ) ;
#949 = AXIS2_PLACEMENT_3D ( 'NONE', #1101, #783, #308 ) ;
#950 =( NAMED_UNIT ( * ) PLANE_ANGLE_UNIT ( ) SI_UNIT ( $, .RADIAN. ) );
#951 = SURFACE_STYLE_USAGE ( .BOTH. , #301 ) ;
#952 = ORIENTED_EDGE ( 'NONE', *, *, #1256, .T. ) ;
#953 = DIRECTION ( 'NONE',  ( -1.000000000000000000, 0.000000000000000000, 0.000000000000000000 ) ) ;
#954 = FACE_OUTER_BOUND ( 'NONE', #1705, .T. ) ;
#955 = FILL_AREA_STYLE ('',( #1899 ) ) ;
#956 = CARTESIAN_POINT ( 'NONE',  ( -0.5199999999999996847, 0.9100000000000000311, 0.3600000000000000422 ) ) ;
#957 = CARTESIAN_POINT ( 'NONE',  ( -6.505213034913026604E-17, 0.000000000000000000, 0.3599999999999999312 ) ) ;
#958 = VERTEX_POINT ( 'NONE', #554 ) ;
#959 = DIRECTION ( 'NONE',  ( 1.000000000000000000, 0.000000000000000000, -0.000000000000000000 ) ) ;
#960 = CARTESIAN_POINT ( 'NONE',  ( -0.5199999999999996847, 0.9499999999999999556, 0.4000000000000000222 ) ) ;
#961 = ORIENTED_EDGE ( 'NONE', *, *, #1799, .F. ) ;
#962 = CARTESIAN_POINT ( 'NONE',  ( 0.5199999999999996847, 0.000000000000000000, 0.3600000000000000422 ) ) ;
#963 = DIRECTION ( 'NONE',  ( 1.355252715606881036E-16, -0.000000000000000000, -1.000000000000000000 ) ) ;
#964 = EDGE_CURVE ( 'NONE', #138, #631, #1721, .T. ) ;
#965 = CARTESIAN_POINT ( 'NONE',  ( -0.7599999999999998979, 0.04000000000000000083, -0.3599999999999998201 ) ) ;
#966 = FILL_AREA_STYLE ('',( #1900 ) ) ;
#967 = EDGE_CURVE ( 'NONE', #2012, #843, #811, .T. ) ;
#968 = FILL_AREA_STYLE_COLOUR ( '', #84 ) ;
#969 = CARTESIAN_POINT ( 'NONE',  ( -0.7999999999999999334, 0.9499999999999999556, -0.3999999999999998002 ) ) ;
#970 = PRODUCT_DEFINITION_SHAPE ( 'NONE', 'NONE',  #1407 ) ;
#971 = ADVANCED_FACE ( 'NONE', ( #33 ), #687, .T. ) ;
#972 = ORIENTED_EDGE ( 'NONE', *, *, #908, .T. ) ;
#973 = DIRECTION ( 'NONE',  ( 1.000000000000000000, 0.000000000000000000, 0.000000000000000000 ) ) ;
#974 = PRESENTATION_STYLE_ASSIGNMENT (( #1465 ) ) ;
#975 =( GEOMETRIC_REPRESENTATION_CONTEXT ( 3 ) GLOBAL_UNCERTAINTY_ASSIGNED_CONTEXT ( ( #450 ) ) GLOBAL_UNIT_ASSIGNED_CONTEXT ( ( #1651, #1334, #1876 ) ) REPRESENTATION_CONTEXT ( 'NONE', 'WORKASPACE' ) );
#976 = VECTOR ( 'NONE', #286, 1000.000000000000000 ) ;
#977 = CYLINDRICAL_SURFACE ( 'NONE', #1821, 0.02000000000000005246 ) ;
#978 = AXIS2_PLACEMENT_3D ( 'NONE', #625, #1260, #1707 ) ;
#979 = AXIS2_PLACEMENT_3D ( 'NONE', #1988, #1034, #1998 ) ;
#980 = ORIENTED_EDGE ( 'NONE', *, *, #318, .T. ) ;
#981 =( NAMED_UNIT ( * ) SI_UNIT ( $, .STERADIAN. ) SOLID_ANGLE_UNIT ( ) );
#982 = CARTESIAN_POINT ( 'NONE',  ( 500000.0000000000582, 0.9100000000000000311, -0.3800000000433679803 ) ) ;
#983 = TOROIDAL_SURFACE ( 'NONE', #2071, 0.02000000000000000042, 0.02000000000000000042 ) ;
#984 = EDGE_LOOP ( 'NONE', ( #1699, #1244, #1905, #1070 ) ) ;
#985 = AXIS2_PLACEMENT_3D ( 'NONE', #1893, #939, #1595 ) ;
#986 = COLOUR_RGB ( '',0.7960784313725489669, 0.8235294117647058432, 0.9372549019607843146 ) ;
#987 = EDGE_CURVE ( 'NONE', #933, #176, #275, .T. ) ;
#988 = FILL_AREA_STYLE_COLOUR ( '', #604 ) ;
#989 = EDGE_LOOP ( 'NONE', ( #1726, #567, #257, #1672 ) ) ;
#990 = DIRECTION ( 'NONE',  ( 1.000000000000000000, 0.000000000000000000, -8.673617379884036705E-17 ) ) ;
#991 = ORIENTED_EDGE ( 'NONE', *, *, #1637, .T. ) ;
#992 = PLANE ( 'NONE',  #1970 ) ;
#993 = LINE ( 'NONE', #1472, #1312 ) ;
#994 = EDGE_LOOP ( 'NONE', ( #1764, #502, #659, #1470 ) ) ;
#995 = ADVANCED_FACE ( 'NONE', ( #1889 ), #1534, .F. ) ;
#996 = ORIENTED_EDGE ( 'NONE', *, *, #1627, .F. ) ;
#997 = EDGE_CURVE ( 'NONE', #1496, #216, #1371, .T. ) ;
#998 = CARTESIAN_POINT ( 'NONE',  ( -0.4999999999999998890, 0.9100000000000000311, 0.3800000000000000600 ) ) ;
#999 = LINE ( 'NONE', #1441, #122 ) ;
#1000 = DIRECTION ( 'NONE',  ( -1.000000000000000000, -0.000000000000000000, -1.355252715606881036E-16 ) ) ;
#1001 = DIRECTION ( 'NONE',  ( 1.000000000000000000, -0.000000000000000000, -1.355252715606881036E-16 ) ) ;
#1002 = ORIENTED_EDGE ( 'NONE', *, *, #367, .F. ) ;
#1003 = SURFACE_STYLE_FILL_AREA ( #690 ) ;
#1004 = CYLINDRICAL_SURFACE ( 'NONE', #1086, 0.03999999999999999389 ) ;
#1005 =( NAMED_UNIT ( * ) SI_UNIT ( $, .STERADIAN. ) SOLID_ANGLE_UNIT ( ) );
#1006 = EDGE_CURVE ( 'NONE', #1607, #1791, #199, .T. ) ;
#1007 = CIRCLE ( 'NONE', #461, 0.03999999999999999389 ) ;
#1008 = ORIENTED_EDGE ( 'NONE', *, *, #997, .F. ) ;
#1009 = CARTESIAN_POINT ( 'NONE',  ( 0.4999999999999996669, 0.9499999999999999556, 0.3799999999999999489 ) ) ;
#1010 = CARTESIAN_POINT ( 'NONE',  ( 0.5199999999999997957, 0.03999999999999999389, -0.3999999999999998002 ) ) ;
#1012 = AXIS2_PLACEMENT_3D ( 'NONE', #1396, #1716, #2018 ) ;
#1011 = SURFACE_STYLE_FILL_AREA ( #955 ) ;
#1013 = ORIENTED_EDGE ( 'NONE', *, *, #1194, .T. ) ;
#1014 = STYLED_ITEM ( 'NONE', ( #1233 ), #1560 ) ;
#1015 = CARTESIAN_POINT ( 'NONE',  ( 500000.0000000000582, 0.02000000000000005246, -0.3600000000433679626 ) ) ;
#1016 = LINE ( 'NONE', #1211, #737 ) ;
#1017 = CIRCLE ( 'NONE', #404, 0.01999999999999999695 ) ;
#1018 = STYLED_ITEM ( 'NONE', ( #389 ), #1230 ) ;
#1019 = ORIENTED_EDGE ( 'NONE', *, *, #27, .T. ) ;
#1020 = CARTESIAN_POINT ( 'NONE',  ( -0.4999999999999998890, 0.03999999999999999389, -0.3799999999999997269 ) ) ;
#1021 = SURFACE_SIDE_STYLE ('',( #1796 ) ) ;
#1022 = DIRECTION ( 'NONE',  ( 1.000000000000000000, 0.000000000000000000, 1.355252715606881036E-16 ) ) ;
#1023 = EDGE_LOOP ( 'NONE', ( #1013, #610, #1299, #1093 ) ) ;
#1024 = PLANE ( 'NONE',  #1419 ) ;
#1025 = SURFACE_STYLE_FILL_AREA ( #46 ) ;
#1026 = EDGE_LOOP ( 'NONE', ( #1526, #1154, #280, #559 ) ) ;
#1027 = PRESENTATION_STYLE_ASSIGNMENT (( #380 ) ) ;
#1028 = EDGE_CURVE ( 'NONE', #1259, #642, #1546, .T. ) ;
#1029 = FACE_OUTER_BOUND ( 'NONE', #2009, .T. ) ;
#1030 = DIRECTION ( 'NONE',  ( 0.000000000000000000, 0.000000000000000000, -1.000000000000000000 ) ) ;
#1031 = ADVANCED_FACE ( 'NONE', ( #752 ), #1732, .T. ) ;
#1032 = CARTESIAN_POINT ( 'NONE',  ( -0.4999999999999998890, 0.03999999999999999389, 0.3600000000000000422 ) ) ;
#1033 = ORIENTED_EDGE ( 'NONE', *, *, #293, .F. ) ;
#1034 = DIRECTION ( 'NONE',  ( -1.000000000000000000, 0.000000000000000000, 0.000000000000000000 ) ) ;
#1035 = EDGE_CURVE ( 'NONE', #862, #2032, #704, .T. ) ;
#1036 = CARTESIAN_POINT ( 'NONE',  ( -0.7599999999999997868, 0.9100000000000000311, 0.3600000000000000977 ) ) ;
#1037 = ORIENTED_EDGE ( 'NONE', *, *, #1360, .T. ) ;
#1038 = FACE_OUTER_BOUND ( 'NONE', #1023, .T. ) ;
#1039 = MECHANICAL_DESIGN_GEOMETRIC_PRESENTATION_REPRESENTATION (  '', ( #1932 ), #1843 ) ;
#1040 = DIRECTION ( 'NONE',  ( -1.355252715606881036E-16, 0.000000000000000000, 1.000000000000000000 ) ) ;
#1041 = AXIS2_PLACEMENT_3D ( 'NONE', #965, #1155, #326 ) ;
#1042 = CARTESIAN_POINT ( 'NONE',  ( 0.5199999999999997957, 0.03999999999999999389, -0.3599999999999998201 ) ) ;
#1043 = ORIENTED_EDGE ( 'NONE', *, *, #182, .T. ) ;
#1044 = LINE ( 'NONE', #213, #842 ) ;
#1045 = MECHANICAL_DESIGN_GEOMETRIC_PRESENTATION_REPRESENTATION (  '', ( #193 ), #805 ) ;
#1046 = LINE ( 'NONE', #1686, #678 ) ;
#1047 = ORIENTED_EDGE ( 'NONE', *, *, #1619, .F. ) ;
#1048 = CIRCLE ( 'NONE', #335, 0.03999999999999999389 ) ;
#1049 = ADVANCED_FACE ( 'NONE', ( #1596 ), #296, .T. ) ;
#1050 = PRESENTATION_LAYER_ASSIGNMENT (  '', '', ( #1847 ) ) ;
#1051 = PRESENTATION_STYLE_ASSIGNMENT (( #2045 ) ) ;
#1052 = PRESENTATION_LAYER_ASSIGNMENT (  '', '', ( #1909 ) ) ;
#1053 = CIRCLE ( 'NONE', #1942, 0.02000000000000005246 ) ;
#1054 = DIRECTION ( 'NONE',  ( 0.000000000000000000, -1.000000000000000000, 0.000000000000000000 ) ) ;
#1055 = PRODUCT_DEFINITION_FORMATION_WITH_SPECIFIED_SOURCE ( 'ANY', '', #513, .NOT_KNOWN. ) ;
#1056 = AXIS2_PLACEMENT_3D ( 'NONE', #1377, #894, #75 ) ;
#1057 = FILL_AREA_STYLE_COLOUR ( '', #1575 ) ;
#1058 = UNCERTAINTY_MEASURE_WITH_UNIT (LENGTH_MEASURE( 1.000000000000000082E-05 ), #517, 'distance_accuracy_value', 'NONE');
#1059 = CARTESIAN_POINT ( 'NONE',  ( -0.7999999999999999334, 0.9499999999999999556, -0.3599999999999998201 ) ) ;
#1060 = DIRECTION ( 'NONE',  ( -1.000000000000000000, 0.000000000000000000, 0.000000000000000000 ) ) ;
#1061 = ORIENTED_EDGE ( 'NONE', *, *, #1144, .T. ) ;
#1062 = CARTESIAN_POINT ( 'NONE',  ( 0.5199999999999996847, 0.9499999999999999556, 0.3600000000000000422 ) ) ;
#1063 = EDGE_CURVE ( 'NONE', #192, #1754, #1944, .T. ) ;
#1064 = ORIENTED_EDGE ( 'NONE', *, *, #1164, .T. ) ;
#1065 = DIRECTION ( 'NONE',  ( 0.000000000000000000, 0.000000000000000000, 1.000000000000000000 ) ) ;
#1066 = DIRECTION ( 'NONE',  ( 0.000000000000000000, 0.000000000000000000, 1.000000000000000000 ) ) ;
#1067 = DIRECTION ( 'NONE',  ( 0.000000000000000000, 0.000000000000000000, 1.000000000000000000 ) ) ;
#1068 = ADVANCED_FACE ( 'NONE', ( #463 ), #804, .T. ) ;
#1069 = CARTESIAN_POINT ( 'NONE',  ( 0.4999999999999997780, 0.9299999999999999378, 0.3600000000000000422 ) ) ;
#1070 = ORIENTED_EDGE ( 'NONE', *, *, #607, .F. ) ;
#1071 = LINE ( 'NONE', #1698, #1780 ) ;
#1072 = ORIENTED_EDGE ( 'NONE', *, *, #501, .F. ) ;
#1073 = DIRECTION ( 'NONE',  ( 1.000000000000000000, 0.000000000000000000, 1.355252715606881036E-16 ) ) ;
#1074 = DIRECTION ( 'NONE',  ( 0.000000000000000000, 0.000000000000000000, 1.000000000000000000 ) ) ;
#1075 = CARTESIAN_POINT ( 'NONE',  ( 0.7599999999999998979, 0.04000000000000000083, -0.3599999999999998201 ) ) ;
#1076 = ADVANCED_FACE ( 'NONE', ( #2076 ), #1921, .T. ) ;
#1077 = UNCERTAINTY_MEASURE_WITH_UNIT (LENGTH_MEASURE( 1.000000000000000082E-05 ), #454, 'distance_accuracy_value', 'NONE');
#1078 =( NAMED_UNIT ( * ) PLANE_ANGLE_UNIT ( ) SI_UNIT ( $, .RADIAN. ) );
#1079 = EDGE_LOOP ( 'NONE', ( #1160, #42, #621, #1157 ) ) ;
#1080 = AXIS2_PLACEMENT_3D ( 'NONE', #478, #486, #207 ) ;
#1081 =( NAMED_UNIT ( * ) SI_UNIT ( $, .STERADIAN. ) SOLID_ANGLE_UNIT ( ) );
#1082 = FACE_OUTER_BOUND ( 'NONE', #2067, .T. ) ;
#1083 = EDGE_LOOP ( 'NONE', ( #917, #385, #906, #290, #1047, #2, #791, #996 ) ) ;
#1084 =( NAMED_UNIT ( * ) PLANE_ANGLE_UNIT ( ) SI_UNIT ( $, .RADIAN. ) );
#1085 = DIRECTION ( 'NONE',  ( -1.000000000000000000, -0.000000000000000000, 8.673617379884036705E-17 ) ) ;
#1086 = AXIS2_PLACEMENT_3D ( 'NONE', #1153, #1766, #1758 ) ;
#1087 = STYLED_ITEM ( 'NONE', ( #1242 ), #768 ) ;
#1088 = MECHANICAL_DESIGN_GEOMETRIC_PRESENTATION_REPRESENTATION (  '', ( #1909 ), #1785 ) ;
#1089 = VECTOR ( 'NONE', #901, 1000.000000000000000 ) ;
#1090 = CARTESIAN_POINT ( 'NONE',  ( 0.7999999999999998224, 0.03999999999999999389, 0.3600000000000000977 ) ) ;
#1091 = ORIENTED_EDGE ( 'NONE', *, *, #1291, .T. ) ;
#1092 = DIRECTION ( 'NONE',  ( 1.000000000000000000, 0.000000000000000000, 0.000000000000000000 ) ) ;
#1093 = ORIENTED_EDGE ( 'NONE', *, *, #1248, .F. ) ;
#1094 = DIRECTION ( 'NONE',  ( 1.355252715606881036E-16, 0.000000000000000000, 1.000000000000000000 ) ) ;
#1095 = EDGE_CURVE ( 'NONE', #1891, #416, #786, .T. ) ;
#1096 = ORIENTED_EDGE ( 'NONE', *, *, #1984, .T. ) ;
#1097 = SPHERICAL_SURFACE ( 'NONE', #1883, 0.04000000000000000083 ) ;
#1098 = ADVANCED_FACE ( 'NONE', ( #125 ), #327, .T. ) ;
#1099 = VERTEX_POINT ( 'NONE', #495 ) ;
#1100 = EDGE_CURVE ( 'NONE', #634, #1146, #1912, .T. ) ;
#1101 = CARTESIAN_POINT ( 'NONE',  ( 500000.0000000000582, 0.9100000000000000311, 0.3799999999566319175 ) ) ;
#1102 = FACE_OUTER_BOUND ( 'NONE', #1896, .T. ) ;
#1103 = ORIENTED_EDGE ( 'NONE', *, *, #52, .T. ) ;
#1104 = CARTESIAN_POINT ( 'NONE',  ( -6.505213034913026604E-17, 0.9100000000000000311, 0.3599999999999999312 ) ) ;
#1105 = DIRECTION ( 'NONE',  ( 0.000000000000000000, -1.000000000000000000, 0.000000000000000000 ) ) ;
#1106 = ORIENTED_EDGE ( 'NONE', *, *, #12, .T. ) ;
#1107 = CARTESIAN_POINT ( 'NONE',  ( -0.5199999999999997957, 0.9100000000000000311, -0.3599999999999998201 ) ) ;
#1108 = VECTOR ( 'NONE', #1209, 1000.000000000000000 ) ;
#1109 = DIRECTION ( 'NONE',  ( -1.000000000000000000, -0.000000000000000000, -0.000000000000000000 ) ) ;
#1110 = CIRCLE ( 'NONE', #914, 0.02000000000000005246 ) ;
#1111 = MECHANICAL_DESIGN_GEOMETRIC_PRESENTATION_REPRESENTATION (  '', ( #405 ), #845 ) ;
#1112 = DIRECTION ( 'NONE',  ( 0.000000000000000000, -1.000000000000000000, 0.000000000000000000 ) ) ;
#1113 = AXIS2_PLACEMENT_3D ( 'NONE', #383, #1030, #1671 ) ;
#1114 = ORIENTED_EDGE ( 'NONE', *, *, #184, .F. ) ;
#1115 = CIRCLE ( 'NONE', #24, 0.02000000000000005246 ) ;
#1116 = CARTESIAN_POINT ( 'NONE',  ( 0.4999999999999997780, 0.03999999999999999389, 0.3800000000000000600 ) ) ;
#1117 = LINE ( 'NONE', #1442, #943 ) ;
#1118 = ORIENTED_EDGE ( 'NONE', *, *, #787, .T. ) ;
#1119 = FACE_OUTER_BOUND ( 'NONE', #1026, .T. ) ;
#1120 = ADVANCED_FACE ( 'NONE', ( #1301 ), #977, .T. ) ;
#1121 = PRESENTATION_STYLE_ASSIGNMENT (( #1328 ) ) ;
#1122 = DIRECTION ( 'NONE',  ( -1.000000000000000000, -0.000000000000000000, -1.355252715606881036E-16 ) ) ;
#1123 = EDGE_CURVE ( 'NONE', #1388, #788, #242, .T. ) ;
#1124 = DIRECTION ( 'NONE',  ( -0.000000000000000000, -1.000000000000000000, -0.000000000000000000 ) ) ;
#1125 = CARTESIAN_POINT ( 'NONE',  ( -0.4999999999999998890, 0.9300000000000000488, -0.3599999999999998201 ) ) ;
#1126 = CARTESIAN_POINT ( 'NONE',  ( 0.7599999999999998979, 0.04000000000000000083, -0.3599999999999998201 ) ) ;
#1127 = SURFACE_SIDE_STYLE ('',( #1621 ) ) ;
#1128 = ORIENTED_EDGE ( 'NONE', *, *, #1752, .T. ) ;
#1129 =( NAMED_UNIT ( * ) SI_UNIT ( $, .STERADIAN. ) SOLID_ANGLE_UNIT ( ) );
#1130 = CARTESIAN_POINT ( 'NONE',  ( -0.7599999999999997868, 0.04000000000000000083, 0.3600000000000000977 ) ) ;
#1131 = DIRECTION ( 'NONE',  ( 0.000000000000000000, 0.000000000000000000, -1.000000000000000000 ) ) ;
#1132 = AXIS2_PLACEMENT_3D ( 'NONE', #1660, #1054, #1960 ) ;
#1133 = DIRECTION ( 'NONE',  ( 1.355252715606880789E-16, 0.000000000000000000, 1.000000000000000000 ) ) ;
#1134 = SURFACE_STYLE_USAGE ( .BOTH. , #796 ) ;
#1135 = EDGE_CURVE ( 'NONE', #788, #1438, #1156, .T. ) ;
#1136 = DIRECTION ( 'NONE',  ( 1.000000000000000000, 0.000000000000000000, -1.807003620809174385E-16 ) ) ;
#1137 = LINE ( 'NONE', #1790, #1389 ) ;
#1138 = VERTEX_POINT ( 'NONE', #1367 ) ;
#1139 = FACE_OUTER_BOUND ( 'NONE', #1196, .T. ) ;
#1140 = VECTOR ( 'NONE', #1711, 1000.000000000000000 ) ;
#1141 = DIRECTION ( 'NONE',  ( 1.000000000000000000, 0.000000000000000000, 0.000000000000000000 ) ) ;
#1142 = VECTOR ( 'NONE', #963, 1000.000000000000000 ) ;
#1143 = DIRECTION ( 'NONE',  ( -0.000000000000000000, 1.000000000000000000, 0.000000000000000000 ) ) ;
#1144 = EDGE_CURVE ( 'NONE', #138, #647, #1723, .T. ) ;
#1145 = VECTOR ( 'NONE', #558, 1000.000000000000000 ) ;
#1146 = VERTEX_POINT ( 'NONE', #998 ) ;
#1147 = AXIS2_PLACEMENT_3D ( 'NONE', #1382, #245, #1060 ) ;
#1148 = DIRECTION ( 'NONE',  ( 0.000000000000000000, 0.000000000000000000, -1.000000000000000000 ) ) ;
#1149 = VERTEX_POINT ( 'NONE', #2001 ) ;
#1150 = AXIS2_PLACEMENT_3D ( 'NONE', #1152, #323, #2057 ) ;
#1151 = MECHANICAL_DESIGN_GEOMETRIC_PRESENTATION_REPRESENTATION (  '', ( #1518 ), #1180 ) ;
#1152 = CARTESIAN_POINT ( 'NONE',  ( -0.7599999999999998979, 0.9499999999999999556, -0.3599999999999998201 ) ) ;
#1153 = CARTESIAN_POINT ( 'NONE',  ( 0.7599999999999997868, 0.9499999999999999556, 0.3600000000000000977 ) ) ;
#1154 = ORIENTED_EDGE ( 'NONE', *, *, #721, .T. ) ;
#1155 = DIRECTION ( 'NONE',  ( 0.000000000000000000, -0.000000000000000000, -1.000000000000000000 ) ) ;
#1156 = LINE ( 'NONE', #727, #541 ) ;
#1157 = ORIENTED_EDGE ( 'NONE', *, *, #1360, .F. ) ;
#1158 = DIRECTION ( 'NONE',  ( 0.000000000000000000, 0.000000000000000000, 1.000000000000000000 ) ) ;
#1159 = DIRECTION ( 'NONE',  ( -1.000000000000000000, 0.000000000000000000, 0.000000000000000000 ) ) ;
#1160 = ORIENTED_EDGE ( 'NONE', *, *, #1028, .F. ) ;
#1161 = DIRECTION ( 'NONE',  ( 0.000000000000000000, -1.000000000000000000, 0.000000000000000000 ) ) ;
#1162 = DIRECTION ( 'NONE',  ( 0.000000000000000000, -1.000000000000000000, 0.000000000000000000 ) ) ;
#1163 = VERTEX_POINT ( 'NONE', #50 ) ;
#1164 = EDGE_CURVE ( 'NONE', #1791, #1259, #1700, .T. ) ;
#1165 = DIRECTION ( 'NONE',  ( -0.000000000000000000, -0.000000000000000000, 1.000000000000000000 ) ) ;
#1166 = EDGE_LOOP ( 'NONE', ( #298, #1458, #1807, #1315 ) ) ;
#1167 = CARTESIAN_POINT ( 'NONE',  ( 0.4999999999999997780, 0.03999999999999999389, 0.3600000000000000422 ) ) ;
#1168 = CARTESIAN_POINT ( 'NONE',  ( -0.7599999999999998979, 0.03999999999999999389, -0.3599999999999998201 ) ) ;
#1169 = ORIENTED_EDGE ( 'NONE', *, *, #1006, .F. ) ;
#1170 = PRESENTATION_STYLE_ASSIGNMENT (( #1642 ) ) ;
#1171 = LINE ( 'NONE', #410, #227 ) ;
#1172 = VECTOR ( 'NONE', #309, 1000.000000000000000 ) ;
#1173 = DIRECTION ( 'NONE',  ( -0.000000000000000000, 1.000000000000000000, -0.000000000000000000 ) ) ;
#1174 = AXIS2_PLACEMENT_3D ( 'NONE', #1927, #817, #324 ) ;
#1176 = AXIS2_PLACEMENT_3D ( 'NONE', #1657, #549, #1685 ) ;
#1175 =( NAMED_UNIT ( * ) SI_UNIT ( $, .STERADIAN. ) SOLID_ANGLE_UNIT ( ) );
#1177 = ORIENTED_EDGE ( 'NONE', *, *, #565, .F. ) ;
#1178 = STYLED_ITEM ( 'NONE', ( #512 ), #872 ) ;
#1179 = FACE_OUTER_BOUND ( 'NONE', #114, .T. ) ;
#1180 =( GEOMETRIC_REPRESENTATION_CONTEXT ( 3 ) GLOBAL_UNCERTAINTY_ASSIGNED_CONTEXT ( ( #1077 ) ) GLOBAL_UNIT_ASSIGNED_CONTEXT ( ( #454, #145, #1434 ) ) REPRESENTATION_CONTEXT ( 'NONE', 'WORKASPACE' ) );
#1181 = VECTOR ( 'NONE', #1236, 1000.000000000000000 ) ;
#1182 = EDGE_CURVE ( 'NONE', #416, #586, #339, .T. ) ;
#1183 = SURFACE_SIDE_STYLE ('',( #369 ) ) ;
#1184 = EDGE_CURVE ( 'NONE', #203, #192, #712, .T. ) ;
#1185 = DIRECTION ( 'NONE',  ( 9.795786256852401830E-33, 1.000000000000000000, 1.129377263005734361E-16 ) ) ;
#1186 = ORIENTED_EDGE ( 'NONE', *, *, #742, .F. ) ;
#1187 = DIRECTION ( 'NONE',  ( -1.000000000000000000, 0.000000000000000000, 1.807003620809174385E-16 ) ) ;
#1188 = CARTESIAN_POINT ( 'NONE',  ( 0.7999999999999999334, 0.03999999999999999389, -0.3999999999999998002 ) ) ;
#1189 = ORIENTED_EDGE ( 'NONE', *, *, #1135, .T. ) ;
#1190 = LINE ( 'NONE', #1835, #230 ) ;
#1191 = CARTESIAN_POINT ( 'NONE',  ( -0.7999999999999999334, 0.03999999999999999389, -0.3599999999999998201 ) ) ;
#1192 = UNCERTAINTY_MEASURE_WITH_UNIT (LENGTH_MEASURE( 1.000000000000000082E-05 ), #1772, 'distance_accuracy_value', 'NONE');
#1193 = CARTESIAN_POINT ( 'NONE',  ( -0.4999999999999998890, 0.9300000000000000488, 0.3600000000000000422 ) ) ;
#1194 = EDGE_CURVE ( 'NONE', #388, #782, #134, .T. ) ;
#1195 = PRODUCT_CONTEXT ( 'NONE', #103, 'mechanical' ) ;
#1196 = EDGE_LOOP ( 'NONE', ( #548, #1429, #1043, #322 ) ) ;
#1197 = CARTESIAN_POINT ( 'NONE',  ( 0.4999999999999998890, 0.9499999999999999556, -0.3799999999999997824 ) ) ;
#1198 = DIRECTION ( 'NONE',  ( -1.000000000000000000, 0.000000000000000000, -1.807003620809174385E-16 ) ) ;
#1199 = EDGE_LOOP ( 'NONE', ( #696, #206, #1833, #1456 ) ) ;
#1200 =( NAMED_UNIT ( * ) PLANE_ANGLE_UNIT ( ) SI_UNIT ( $, .RADIAN. ) );
#1201 = CARTESIAN_POINT ( 'NONE',  ( 0.4999999999945247686, 0.03999999999999999389, -0.3799999999999998379 ) ) ;
#1202 = CLOSED_SHELL ( 'NONE', ( #872, #995, #1562, #1254, #1049, #371, #768, #1313, #117, #1863, #1507, #1031, #49, #1338, #971, #1560, #819, #1841, #253, #77, #1230, #699, #477, #1249, #1767, #1120 ) ) ;
#1203 = SURFACE_STYLE_USAGE ( .BOTH. , #528 ) ;
#1204 = COLOUR_RGB ( '',0.7960784313725489669, 0.8235294117647058432, 0.9372549019607843146 ) ;
#1205 =( LENGTH_UNIT ( ) NAMED_UNIT ( * ) SI_UNIT ( .MILLI., .METRE. ) );
#1206 = CARTESIAN_POINT ( 'NONE',  ( -0.4999999999999997780, 0.9100000000000000311, 0.3800000000000000044 ) ) ;
#1207 = EDGE_CURVE ( 'NONE', #1438, #1163, #878, .T. ) ;
#1208 = VERTEX_POINT ( 'NONE', #14 ) ;
#1209 = DIRECTION ( 'NONE',  ( -1.355252715606880789E-16, -0.000000000000000000, -1.000000000000000000 ) ) ;
#1210 = VECTOR ( 'NONE', #1198, 1000.000000000000000 ) ;
#1211 = CARTESIAN_POINT ( 'NONE',  ( -0.4999999999999998890, 0.02000000000000005246, -0.3999999999999998002 ) ) ;
#1212 =( GEOMETRIC_REPRESENTATION_CONTEXT ( 3 ) GLOBAL_UNCERTAINTY_ASSIGNED_CONTEXT ( ( #626 ) ) GLOBAL_UNIT_ASSIGNED_CONTEXT ( ( #1668, #1333, #1005 ) ) REPRESENTATION_CONTEXT ( 'NONE', 'WORKASPACE' ) );
#1213 = ORIENTED_EDGE ( 'NONE', *, *, #52, .F. ) ;
#1214 =( GEOMETRIC_REPRESENTATION_CONTEXT ( 3 ) GLOBAL_UNCERTAINTY_ASSIGNED_CONTEXT ( ( #1848 ) ) GLOBAL_UNIT_ASSIGNED_CONTEXT ( ( #254, #896, #1556 ) ) REPRESENTATION_CONTEXT ( 'NONE', 'WORKASPACE' ) );
#1215 = AXIS2_PLACEMENT_3D ( 'NONE', #1915, #334, #483 ) ;
#1216 = MECHANICAL_DESIGN_GEOMETRIC_PRESENTATION_REPRESENTATION (  '', ( #23 ), #1214 ) ;
#1217 = FACE_OUTER_BOUND ( 'NONE', #898, .T. ) ;
#1218 =( GEOMETRIC_REPRESENTATION_CONTEXT ( 3 ) GLOBAL_UNCERTAINTY_ASSIGNED_CONTEXT ( ( #2006 ) ) GLOBAL_UNIT_ASSIGNED_CONTEXT ( ( #1822, #1830, #325 ) ) REPRESENTATION_CONTEXT ( 'NONE', 'WORKASPACE' ) );
#1219 = FILL_AREA_STYLE ('',( #1057 ) ) ;
#1220 = SURFACE_STYLE_USAGE ( .BOTH. , #1394 ) ;
#1221 = FACE_OUTER_BOUND ( 'NONE', #61, .T. ) ;
#1222 = ORIENTED_EDGE ( 'NONE', *, *, #1256, .F. ) ;
#1223 = SURFACE_STYLE_FILL_AREA ( #127 ) ;
#1224 = FACE_OUTER_BOUND ( 'NONE', #1270, .T. ) ;
#1225 = EDGE_LOOP ( 'NONE', ( #1264, #359, #241, #952 ) ) ;
#1226 = DIRECTION ( 'NONE',  ( -1.000000000000000000, 0.000000000000000000, 0.000000000000000000 ) ) ;
#1227 = DIRECTION ( 'NONE',  ( -1.000000000000000000, 0.000000000000000000, 1.355252715606881036E-16 ) ) ;
#1228 = ADVANCED_FACE ( 'NONE', ( #85 ), #581, .F. ) ;
#1229 = DIRECTION ( 'NONE',  ( 0.000000000000000000, 0.000000000000000000, 1.000000000000000000 ) ) ;
#1230 = ADVANCED_FACE ( 'NONE', ( #175 ), #1846, .T. ) ;
#1231 = ORIENTED_EDGE ( 'NONE', *, *, #1432, .T. ) ;
#1232 = CARTESIAN_POINT ( 'NONE',  ( -0.4999999999999998890, 0.9100000000000000311, -0.3799999999999998379 ) ) ;
#1233 = PRESENTATION_STYLE_ASSIGNMENT (( #951 ) ) ;
#1234 = ORIENTED_EDGE ( 'NONE', *, *, #1773, .F. ) ;
#1235 =( LENGTH_UNIT ( ) NAMED_UNIT ( * ) SI_UNIT ( .MILLI., .METRE. ) );
#1236 = DIRECTION ( 'NONE',  ( 0.000000000000000000, -1.000000000000000000, 0.000000000000000000 ) ) ;
#1237 = CARTESIAN_POINT ( 'NONE',  ( 0.7599999999999998979, 0.03999999999999999389, -0.3999999999999998002 ) ) ;
#1238 = UNCERTAINTY_MEASURE_WITH_UNIT (LENGTH_MEASURE( 1.000000000000000082E-05 ), #695, 'distance_accuracy_value', 'NONE');
#1239 =( NAMED_UNIT ( * ) PLANE_ANGLE_UNIT ( ) SI_UNIT ( $, .RADIAN. ) );
#1240 = ORIENTED_EDGE ( 'NONE', *, *, #44, .T. ) ;
#1241 = CIRCLE ( 'NONE', #360, 0.02000000000000005246 ) ;
#1242 = PRESENTATION_STYLE_ASSIGNMENT (( #754 ) ) ;
#1243 =( NAMED_UNIT ( * ) PLANE_ANGLE_UNIT ( ) SI_UNIT ( $, .RADIAN. ) );
#1244 = ORIENTED_EDGE ( 'NONE', *, *, #1918, .T. ) ;
#1245 = DIRECTION ( 'NONE',  ( -1.355252715606881036E-16, 0.000000000000000000, 1.000000000000000000 ) ) ;
#1246 = DIRECTION ( 'NONE',  ( -1.000000000000000000, 0.000000000000000000, 1.355252715606881036E-16 ) ) ;
#1247 = PRESENTATION_LAYER_ASSIGNMENT (  '', '', ( #193 ) ) ;
#1248 = EDGE_CURVE ( 'NONE', #388, #1644, #1943, .T. ) ;
#1249 = ADVANCED_FACE ( 'NONE', ( #305 ), #54, .T. ) ;
#1250 = STYLED_ITEM ( 'NONE', ( #645 ), #1562 ) ;
#1251 = AXIS2_PLACEMENT_3D ( 'NONE', #1995, #932, #925 ) ;
#1252 = AXIS2_PLACEMENT_3D ( 'NONE', #352, #1226, #828 ) ;
#1253 = DIRECTION ( 'NONE',  ( 1.000000000000000000, 0.000000000000000000, -8.673617379884036705E-17 ) ) ;
#1254 = ADVANCED_FACE ( 'NONE', ( #954 ), #1399, .F. ) ;
#1255 = DIRECTION ( 'NONE',  ( 1.000000000000000000, 0.000000000000000000, 1.807003620809174385E-16 ) ) ;
#1256 = EDGE_CURVE ( 'NONE', #138, #1337, #748, .T. ) ;
#1257 = ORIENTED_EDGE ( 'NONE', *, *, #44, .F. ) ;
#1258 = SURFACE_STYLE_FILL_AREA ( #1579 ) ;
#1259 = VERTEX_POINT ( 'NONE', #2039 ) ;
#1260 = DIRECTION ( 'NONE',  ( 1.000000000000000000, 0.000000000000000000, 1.355252715606881036E-16 ) ) ;
#1261 = FACE_OUTER_BOUND ( 'NONE', #94, .T. ) ;
#1262 = FACE_OUTER_BOUND ( 'NONE', #1659, .T. ) ;
#1263 = CARTESIAN_POINT ( 'NONE',  ( 0.000000000000000000, 0.9499999999999999556, 0.000000000000000000 ) ) ;
#1264 = ORIENTED_EDGE ( 'NONE', *, *, #1663, .F. ) ;
#1265 = SURFACE_SIDE_STYLE ('',( #177 ) ) ;
#1266 = AXIS2_PLACEMENT_3D ( 'NONE', #53, #1982, #1693 ) ;
#1267 = ORIENTED_EDGE ( 'NONE', *, *, #1572, .T. ) ;
#1268 = CARTESIAN_POINT ( 'NONE',  ( -0.7599999999999997868, 0.03999999999999999389, 0.4000000000000000777 ) ) ;
#1269 = FILL_AREA_STYLE_COLOUR ( '', #803 ) ;
#1270 = EDGE_LOOP ( 'NONE', ( #716, #1177, #563, #422, #961, #224, #667, #1008 ) ) ;
#1271 = EDGE_CURVE ( 'NONE', #1697, #586, #616, .T. ) ;
#1272 = DIRECTION ( 'NONE',  ( -1.000000000000000000, 0.000000000000000000, 0.000000000000000000 ) ) ;
#1273 = PRESENTATION_LAYER_ASSIGNMENT (  '', '', ( #1932 ) ) ;
#1274 = ORIENTED_EDGE ( 'NONE', *, *, #1035, .T. ) ;
#1275 = DIRECTION ( 'NONE',  ( -0.000000000000000000, 0.000000000000000000, 1.000000000000000000 ) ) ;
#1276 = CIRCLE ( 'NONE', #2062, 0.02000000000000005246 ) ;
#1277 = PRESENTATION_STYLE_ASSIGNMENT (( #591 ) ) ;
#1278 =( GEOMETRIC_REPRESENTATION_CONTEXT ( 3 ) GLOBAL_UNCERTAINTY_ASSIGNED_CONTEXT ( ( #244 ) ) GLOBAL_UNIT_ASSIGNED_CONTEXT ( ( #2034, #1243, #440 ) ) REPRESENTATION_CONTEXT ( 'NONE', 'WORKASPACE' ) );
#1279 = CIRCLE ( 'NONE', #506, 0.02000000000000005246 ) ;
#1280 = CARTESIAN_POINT ( 'NONE',  ( -0.7599999999999998979, 0.03999999999999999389, -0.3999999999999998002 ) ) ;
#1281 = AXIS2_PLACEMENT_3D ( 'NONE', #889, #1327, #522 ) ;
#1282 = COLOUR_RGB ( '',0.7960784313725489669, 0.8235294117647058432, 0.9372549019607843146 ) ;
#1283 = EDGE_LOOP ( 'NONE', ( #1401, #1064, #824, #1580 ) ) ;
#1284 = VECTOR ( 'NONE', #428, 1000.000000000000000 ) ;
#1285 = CARTESIAN_POINT ( 'NONE',  ( -0.4999999999999998890, 0.9499999999999999556, -0.3999999999999998002 ) ) ;
#1286 = CARTESIAN_POINT ( 'NONE',  ( -0.4999999999999998890, 0.9100000000000000311, -0.3799999999999997824 ) ) ;
#1287 = ORIENTED_EDGE ( 'NONE', *, *, #1583, .T. ) ;
#1288 = CYLINDRICAL_SURFACE ( 'NONE', #540, 0.03999999999999999389 ) ;
#1289 = CARTESIAN_POINT ( 'NONE',  ( 0.7599999999999998979, 0.03999999999999999389, -0.3999999999999998002 ) ) ;
#1290 = DIRECTION ( 'NONE',  ( 1.000000000000000000, 0.000000000000000000, -8.673617379884036705E-17 ) ) ;
#1291 = EDGE_CURVE ( 'NONE', #1891, #255, #19, .T. ) ;
#1292 = DIRECTION ( 'NONE',  ( 0.000000000000000000, 0.000000000000000000, 1.000000000000000000 ) ) ;
#1293 = CARTESIAN_POINT ( 'NONE',  ( 0.000000000000000000, 0.9499999999999999556, 0.000000000000000000 ) ) ;
#1294 = ORIENTED_EDGE ( 'NONE', *, *, #673, .F. ) ;
#1295 = CARTESIAN_POINT ( 'NONE',  ( -0.4999999999999998890, 0.9100000000000000311, -0.3599999999999998201 ) ) ;
#1296 = DIRECTION ( 'NONE',  ( 0.000000000000000000, 0.000000000000000000, 1.000000000000000000 ) ) ;
#1297 = ORIENTED_EDGE ( 'NONE', *, *, #160, .T. ) ;
#1298 = FILL_AREA_STYLE ('',( #1765 ) ) ;
#1299 = ORIENTED_EDGE ( 'NONE', *, *, #123, .F. ) ;
#1300 = CARTESIAN_POINT ( 'NONE',  ( 0.4999999999999997780, 0.01999999999999999348, 0.3600000000000000422 ) ) ;
#1301 = FACE_OUTER_BOUND ( 'NONE', #356, .T. ) ;
#1302 = ORIENTED_EDGE ( 'NONE', *, *, #967, .F. ) ;
#1303 = DIRECTION ( 'NONE',  ( 0.000000000000000000, -0.000000000000000000, 1.000000000000000000 ) ) ;
#1304 = DIRECTION ( 'NONE',  ( 1.000000000000000000, -0.000000000000000000, -1.355252715606881036E-16 ) ) ;
#1305 = ORIENTED_EDGE ( 'NONE', *, *, #802, .F. ) ;
#1306 =( NAMED_UNIT ( * ) SI_UNIT ( $, .STERADIAN. ) SOLID_ANGLE_UNIT ( ) );
#1307 = AXIS2_PLACEMENT_3D ( 'NONE', #1972, #78, #1370 ) ;
#1308 = AXIS2_PLACEMENT_3D ( 'NONE', #956, #2060, #1292 ) ;
#1309 = DIRECTION ( 'NONE',  ( 0.000000000000000000, 0.000000000000000000, 1.000000000000000000 ) ) ;
#1310 = CIRCLE ( 'NONE', #1548, 0.02000000000000005246 ) ;
#1311 = CARTESIAN_POINT ( 'NONE',  ( -0.5199999999999996847, 0.000000000000000000, 7.047314121155777588E-17 ) ) ;
#1312 = VECTOR ( 'NONE', #655, 1000.000000000000000 ) ;
#1313 = ADVANCED_FACE ( 'NONE', ( #1119 ), #1004, .T. ) ;
#1314 = MECHANICAL_DESIGN_GEOMETRIC_PRESENTATION_REPRESENTATION (  '', ( #1476 ), #1212 ) ;
#1315 = ORIENTED_EDGE ( 'NONE', *, *, #2068, .T. ) ;
#1316 = CARTESIAN_POINT ( 'NONE',  ( 0.5199999999999996847, 0.03999999999999999389, 0.3800000000000000044 ) ) ;
#1317 = TOROIDAL_SURFACE ( 'NONE', #1586, 0.02000000000000000042, 0.02000000000000000042 ) ;
#1318 = CARTESIAN_POINT ( 'NONE',  ( 0.4999999999999998890, 0.9499999999999999556, -0.3999999999999998002 ) ) ;
#1319 = MECHANICAL_DESIGN_GEOMETRIC_PRESENTATION_REPRESENTATION (  '', ( #1178 ), #1783 ) ;
#1320 = ADVANCED_FACE ( 'NONE', ( #669 ), #681, .T. ) ;
#1321 = ORIENTED_EDGE ( 'NONE', *, *, #1248, .T. ) ;
#1322 =( NAMED_UNIT ( * ) SI_UNIT ( $, .STERADIAN. ) SOLID_ANGLE_UNIT ( ) );
#1323 = SURFACE_SIDE_STYLE ('',( #800 ) ) ;
#1324 = CARTESIAN_POINT ( 'NONE',  ( -0.7999999999999999334, 0.03999999999999999389, -0.3999999999999998002 ) ) ;
#1325 = CARTESIAN_POINT ( 'NONE',  ( 0.4999999999945247686, 0.9300000000000000488, -0.3599999999999999312 ) ) ;
#1326 = FILL_AREA_STYLE ('',( #1335 ) ) ;
#1327 = DIRECTION ( 'NONE',  ( 1.000000000000000000, 0.000000000000000000, -0.000000000000000000 ) ) ;
#1328 = SURFACE_STYLE_USAGE ( .BOTH. , #841 ) ;
#1329 = ORIENTED_EDGE ( 'NONE', *, *, #1341, .F. ) ;
#1330 = CARTESIAN_POINT ( 'NONE',  ( -0.4999999999999998890, 0.01999999999999995878, 0.3600000000000000422 ) ) ;
#1331 = ORIENTED_EDGE ( 'NONE', *, *, #2072, .T. ) ;
#1332 = CIRCLE ( 'NONE', #1992, 0.01999999999999999695 ) ;
#1333 =( NAMED_UNIT ( * ) PLANE_ANGLE_UNIT ( ) SI_UNIT ( $, .RADIAN. ) );
#1334 =( NAMED_UNIT ( * ) PLANE_ANGLE_UNIT ( ) SI_UNIT ( $, .RADIAN. ) );
#1335 = FILL_AREA_STYLE_COLOUR ( '', #165 ) ;
#1336 = FACE_OUTER_BOUND ( 'NONE', #1376, .T. ) ;
#1337 = VERTEX_POINT ( 'NONE', #348 ) ;
#1338 = ADVANCED_FACE ( 'NONE', ( #1139 ), #1801, .T. ) ;
#1339 = CARTESIAN_POINT ( 'NONE',  ( -0.7999999999999999334, 0.9499999999999999556, -0.3599999999999998201 ) ) ;
#1340 = FACE_OUTER_BOUND ( 'NONE', #1426, .T. ) ;
#1341 = EDGE_CURVE ( 'NONE', #1357, #34, #181, .T. ) ;
#1342 = VECTOR ( 'NONE', #1817, 1000.000000000000000 ) ;
#1343 = EDGE_CURVE ( 'NONE', #34, #1842, #1310, .T. ) ;
#1344 = VECTOR ( 'NONE', #1486, 1000.000000000000000 ) ;
#1345 = CARTESIAN_POINT ( 'NONE',  ( 0.7599999999999997868, 0.000000000000000000, 0.3600000000000000977 ) ) ;
#1346 = PRESENTATION_STYLE_ASSIGNMENT (( #1203 ) ) ;
#1347 = DIRECTION ( 'NONE',  ( -1.000000000000000000, 0.000000000000000000, 1.355252715606881036E-16 ) ) ;
#1348 = DIRECTION ( 'NONE',  ( 1.000000000000000000, 0.000000000000000000, -1.355252715606880789E-16 ) ) ;
#1349 = COLOUR_RGB ( '',0.7960784313725489669, 0.8235294117647058432, 0.9372549019607843146 ) ;
#1351 = CIRCLE ( 'NONE', #262, 0.01999999999999999695 ) ;
#1350 = FILL_AREA_STYLE ('',( #211 ) ) ;
#1352 = ORIENTED_EDGE ( 'NONE', *, *, #1981, .F. ) ;
#1353 = AXIS2_PLACEMENT_3D ( 'NONE', #755, #588, #764 ) ;
#1354 = CARTESIAN_POINT ( 'NONE',  ( 0.5199999999999997957, 0.000000000000000000, -0.3599999999999998201 ) ) ;
#1355 = DIRECTION ( 'NONE',  ( 1.688928664974551907E-32, 1.000000000000000000, -1.246209393661499619E-16 ) ) ;
#1356 = CIRCLE ( 'NONE', #1147, 0.02000000000000005246 ) ;
#1357 = VERTEX_POINT ( 'NONE', #484 ) ;
#1358 =( NAMED_UNIT ( * ) PLANE_ANGLE_UNIT ( ) SI_UNIT ( $, .RADIAN. ) );
#1359 = CARTESIAN_POINT ( 'NONE',  ( 0.5199999999999997957, 0.9499999999999999556, -0.3799999999999997824 ) ) ;
#1360 = EDGE_CURVE ( 'NONE', #642, #2017, #159, .T. ) ;
#1361 = CARTESIAN_POINT ( 'NONE',  ( 0.4999999999881765689, 0.02000000000000005246, -0.3599999999999999312 ) ) ;
#1362 = DIRECTION ( 'NONE',  ( -1.355252715606880789E-16, 0.000000000000000000, -1.000000000000000000 ) ) ;
#1363 = ORIENTED_EDGE ( 'NONE', *, *, #1184, .T. ) ;
#1364 = CARTESIAN_POINT ( 'NONE',  ( -0.7999999999999998224, 0.9100000000000000311, 0.3600000000000000977 ) ) ;
#1365 =( NAMED_UNIT ( * ) PLANE_ANGLE_UNIT ( ) SI_UNIT ( $, .RADIAN. ) );
#1366 = EDGE_LOOP ( 'NONE', ( #744, #271, #126, #1901 ) ) ;
#1367 = CARTESIAN_POINT ( 'NONE',  ( -0.5199999999999996847, 0.03999999999999999389, 0.4000000000000000222 ) ) ;
#1368 = CARTESIAN_POINT ( 'NONE',  ( -0.5199999999999996847, 0.9100000000000000311, 0.3800000000000000044 ) ) ;
#1369 = EDGE_CURVE ( 'NONE', #1163, #1388, #1171, .T. ) ;
#1370 = DIRECTION ( 'NONE',  ( 1.000000000000000000, 0.000000000000000000, 1.355252715606879063E-16 ) ) ;
#1371 = LINE ( 'NONE', #1069, #1749 ) ;
#1372 = CARTESIAN_POINT ( 'NONE',  ( 0.7599999999999997868, 0.9100000000000000311, 0.4000000000000000777 ) ) ;
#1373 = ORIENTED_EDGE ( 'NONE', *, *, #1920, .F. ) ;
#1374 = DIRECTION ( 'NONE',  ( 1.355252715606880789E-16, -0.000000000000000000, -1.000000000000000000 ) ) ;
#1375 =( NAMED_UNIT ( * ) SI_UNIT ( $, .STERADIAN. ) SOLID_ANGLE_UNIT ( ) );
#1376 = EDGE_LOOP ( 'NONE', ( #1949, #1955, #469, #656 ) ) ;
#1377 = CARTESIAN_POINT ( 'NONE',  ( 0.7599999999999997868, 0.04000000000000000083, 0.3600000000000000977 ) ) ;
#1378 = DIRECTION ( 'NONE',  ( 0.000000000000000000, 0.000000000000000000, 1.000000000000000000 ) ) ;
#1379 = SURFACE_STYLE_FILL_AREA ( #729 ) ;
#1380 = MECHANICAL_DESIGN_GEOMETRIC_PRESENTATION_REPRESENTATION (  '', ( #1577 ), #425 ) ;
#1381 = PRESENTATION_STYLE_ASSIGNMENT (( #1220 ) ) ;
#1382 = CARTESIAN_POINT ( 'NONE',  ( 0.5199999999999999067, 0.9300000000000000488, -0.3599999999999998201 ) ) ;
#1383 = ORIENTED_EDGE ( 'NONE', *, *, #547, .T. ) ;
#1384 = CARTESIAN_POINT ( 'NONE',  ( 0.7599999999999997868, 0.9100000000000000311, 0.3600000000000000977 ) ) ;
#1385 =( GEOMETRIC_REPRESENTATION_CONTEXT ( 3 ) GLOBAL_UNCERTAINTY_ASSIGNED_CONTEXT ( ( #1679 ) ) GLOBAL_UNIT_ASSIGNED_CONTEXT ( ( #922, #1563, #282 ) ) REPRESENTATION_CONTEXT ( 'NONE', 'WORKASPACE' ) );
#1386 = EDGE_CURVE ( 'NONE', #586, #2012, #1855, .T. ) ;
#1387 = FILL_AREA_STYLE_COLOUR ( '', #644 ) ;
#1388 = VERTEX_POINT ( 'NONE', #1062 ) ;
#1389 = VECTOR ( 'NONE', #1948, 1000.000000000000000 ) ;
#1390 = PRESENTATION_LAYER_ASSIGNMENT (  '', '', ( #405 ) ) ;
#1391 = MANIFOLD_SOLID_BREP ( 'Boss-Extrude2', #153 ) ;
#1392 = SPHERICAL_SURFACE ( 'NONE', #1902, 0.04000000000000000083 ) ;
#1393 = UNCERTAINTY_MEASURE_WITH_UNIT (LENGTH_MEASURE( 1.000000000000000082E-05 ), #64, 'distance_accuracy_value', 'NONE');
#1394 = SURFACE_SIDE_STYLE ('',( #1713 ) ) ;
#1395 = ORIENTED_EDGE ( 'NONE', *, *, #835, .T. ) ;
#1396 = CARTESIAN_POINT ( 'NONE',  ( -0.5199999999999996847, 0.9100000000000000311, 0.3600000000000000422 ) ) ;
#1397 =( NAMED_UNIT ( * ) SI_UNIT ( $, .STERADIAN. ) SOLID_ANGLE_UNIT ( ) );
#1398 = ORIENTED_EDGE ( 'NONE', *, *, #987, .T. ) ;
#1399 = PLANE ( 'NONE',  #1779 ) ;
#1400 = DIRECTION ( 'NONE',  ( 0.000000000000000000, 0.000000000000000000, 1.000000000000000000 ) ) ;
#1401 = ORIENTED_EDGE ( 'NONE', *, *, #240, .T. ) ;
#1402 = SURFACE_SIDE_STYLE ('',( #1223 ) ) ;
#1403 = EDGE_CURVE ( 'NONE', #864, #1438, #707, .T. ) ;
#1404 = ORIENTED_EDGE ( 'NONE', *, *, #182, .F. ) ;
#1405 = UNCERTAINTY_MEASURE_WITH_UNIT (LENGTH_MEASURE( 1.000000000000000082E-05 ), #32, 'distance_accuracy_value', 'NONE');
#1406 = FACE_OUTER_BOUND ( 'NONE', #1199, .T. ) ;
#1407 = PRODUCT_DEFINITION ( 'UNKNOWN', '', #1055, #561 ) ;
#1408 = EDGE_CURVE ( 'NONE', #237, #1697, #164, .T. ) ;
#1409 = FACE_OUTER_BOUND ( 'NONE', #6, .T. ) ;
#1410 = VECTOR ( 'NONE', #797, 1000.000000000000000 ) ;
#1411 = EDGE_LOOP ( 'NONE', ( #311, #1976, #1558 ) ) ;
#1412 = VECTOR ( 'NONE', #1731, 1000.000000000000000 ) ;
#1413 =( LENGTH_UNIT ( ) NAMED_UNIT ( * ) SI_UNIT ( .MILLI., .METRE. ) );
#1414 = SPHERICAL_SURFACE ( 'NONE', #1353, 0.04000000000000000083 ) ;
#1415 = ORIENTED_EDGE ( 'NONE', *, *, #97, .F. ) ;
#1416 = DIRECTION ( 'NONE',  ( -0.000000000000000000, 1.000000000000000000, -0.000000000000000000 ) ) ;
#1417 = CARTESIAN_POINT ( 'NONE',  ( 0.5199999999999996847, 0.03999999999999999389, 0.4000000000000000222 ) ) ;
#1418 = AXIS2_PLACEMENT_3D ( 'NONE', #1318, #1605, #8 ) ;
#1419 = AXIS2_PLACEMENT_3D ( 'NONE', #1840, #564, #1187 ) ;
#1420 = COLOUR_RGB ( '',0.7960784313725489669, 0.8235294117647058432, 0.9372549019607843146 ) ;
#1421 = MECHANICAL_DESIGN_GEOMETRIC_PRESENTATION_REPRESENTATION (  '', ( #238 ), #508 ) ;
#1422 = MECHANICAL_DESIGN_GEOMETRIC_PRESENTATION_REPRESENTATION (  '', ( #915 ), #60 ) ;
#1423 = CARTESIAN_POINT ( 'NONE',  ( -0.7599999999999998979, 0.9499999999999999556, -0.3999999999999998002 ) ) ;
#1424 = EDGE_CURVE ( 'NONE', #458, #1842, #1658, .T. ) ;
#1425 = STYLED_ITEM ( 'NONE', ( #1447 ), #2043 ) ;
#1426 = EDGE_LOOP ( 'NONE', ( #1997, #991, #1415 ) ) ;
#1427 = LINE ( 'NONE', #927, #1550 ) ;
#1428 = SURFACE_STYLE_FILL_AREA ( #599 ) ;
#1429 = ORIENTED_EDGE ( 'NONE', *, *, #594, .T. ) ;
#1430 = UNCERTAINTY_MEASURE_WITH_UNIT (LENGTH_MEASURE( 1.000000000000000082E-05 ), #560, 'distance_accuracy_value', 'NONE');
#1431 = CARTESIAN_POINT ( 'NONE',  ( 0.4999999999999997780, 0.9100000000000000311, 0.3800000000000000044 ) ) ;
#1432 = EDGE_CURVE ( 'NONE', #2032, #843, #1046, .T. ) ;
#1433 = CARTESIAN_POINT ( 'NONE',  ( 0.7999999999999998224, 0.9100000000000000311, 0.3600000000000000977 ) ) ;
#1434 =( NAMED_UNIT ( * ) SI_UNIT ( $, .STERADIAN. ) SOLID_ANGLE_UNIT ( ) );
#1435 = EDGE_LOOP ( 'NONE', ( #63, #1329, #1551, #1636, #1719, #624, #395, #1936 ) ) ;
#1436 = FACE_OUTER_BOUND ( 'NONE', #2047, .T. ) ;
#1437 = DIRECTION ( 'NONE',  ( -1.000000000000000000, 0.000000000000000000, 0.000000000000000000 ) ) ;
#1438 = VERTEX_POINT ( 'NONE', #1978 ) ;
#1439 = CARTESIAN_POINT ( 'NONE',  ( -0.7999999999999998224, 0.03999999999999999389, 0.3600000000000000977 ) ) ;
#1440 = DIRECTION ( 'NONE',  ( 0.000000000000000000, 0.000000000000000000, 1.000000000000000000 ) ) ;
#1441 = CARTESIAN_POINT ( 'NONE',  ( 0.7999999999999998224, 0.9100000000000000311, 0.4000000000000000777 ) ) ;
#1442 = CARTESIAN_POINT ( 'NONE',  ( 500000.0000000000582, 0.01999999999999995878, 0.3599999999566318998 ) ) ;
#1443 = EDGE_LOOP ( 'NONE', ( #1302, #577, #1274, #1231 ) ) ;
#1444 = EDGE_CURVE ( 'NONE', #1754, #138, #62, .T. ) ;
#1445 = SURFACE_STYLE_FILL_AREA ( #1298 ) ;
#1446 = DIRECTION ( 'NONE',  ( -1.000000000000000000, -0.000000000000000000, -1.355252715606881036E-16 ) ) ;
#1447 = PRESENTATION_STYLE_ASSIGNMENT (( #485 ) ) ;
#1448 = CIRCLE ( 'NONE', #1176, 0.01999999999999999695 ) ;
#1449 = CIRCLE ( 'NONE', #128, 0.01999999999999994491 ) ;
#1450 = AXIS2_PLACEMENT_3D ( 'NONE', #392, #58, #1828 ) ;
#1451 = AXIS2_PLACEMENT_3D ( 'NONE', #2014, #135, #1866 ) ;
#1452 = AXIS2_PLACEMENT_3D ( 'NONE', #1293, #1460, #2061 ) ;
#1453 = CYLINDRICAL_SURFACE ( 'NONE', #2027, 0.03999999999999999389 ) ;
#1454 = DIRECTION ( 'NONE',  ( -0.000000000000000000, -1.000000000000000000, -0.000000000000000000 ) ) ;
#1455 = CARTESIAN_POINT ( 'NONE',  ( -0.4999999999999998890, 0.9100000000000000311, -0.3999999999999998002 ) ) ;
#1456 = ORIENTED_EDGE ( 'NONE', *, *, #1583, .F. ) ;
#1457 = SURFACE_STYLE_USAGE ( .BOTH. , #1323 ) ;
#1458 = ORIENTED_EDGE ( 'NONE', *, *, #1709, .T. ) ;
#1459 = SURFACE_STYLE_FILL_AREA ( #1603 ) ;
#1460 = DIRECTION ( 'NONE',  ( 0.000000000000000000, 1.000000000000000000, 0.000000000000000000 ) ) ;
#1461 = VERTEX_POINT ( 'NONE', #1832 ) ;
#1462 = DIRECTION ( 'NONE',  ( -0.000000000000000000, 1.000000000000000000, 0.000000000000000000 ) ) ;
#1463 = CARTESIAN_POINT ( 'NONE',  ( 0.7599999999999998979, 0.9100000000000000311, -0.3599999999999998201 ) ) ;
#1464 = ORIENTED_EDGE ( 'NONE', *, *, #447, .T. ) ;
#1465 = SURFACE_STYLE_USAGE ( .BOTH. , #657 ) ;
#1466 = EDGE_CURVE ( 'NONE', #1745, #1607, #1016, .T. ) ;
#1467 = ADVANCED_FACE ( 'NONE', ( #1340 ), #534, .T. ) ;
#1468 = EDGE_CURVE ( 'NONE', #958, #1860, #1048, .T. ) ;
#1469 = DIRECTION ( 'NONE',  ( 1.000000000000000000, 0.000000000000000000, 0.000000000000000000 ) ) ;
#1470 = ORIENTED_EDGE ( 'NONE', *, *, #225, .T. ) ;
#1471 = LINE ( 'NONE', #1620, #93 ) ;
#1472 = CARTESIAN_POINT ( 'NONE',  ( -0.4999999999999998890, 0.9100000000000000311, 0.3800000000000000600 ) ) ;
#1473 = VERTEX_POINT ( 'NONE', #1330 ) ;
#1474 = EDGE_CURVE ( 'NONE', #642, #1864, #1682, .T. ) ;
#1475 = VECTOR ( 'NONE', #1919, 1000.000000000000000 ) ;
#1476 = STYLED_ITEM ( 'NONE', ( #1027 ), #477 ) ;
#1477 = STYLED_ITEM ( 'NONE', ( #1495 ), #1391 ) ;
#1478 = AXIS2_PLACEMENT_3D ( 'NONE', #256, #96, #1092 ) ;
#1479 = VECTOR ( 'NONE', #1600, 1000.000000000000000 ) ;
#1480 = ORIENTED_EDGE ( 'NONE', *, *, #1291, .F. ) ;
#1481 = LINE ( 'NONE', #1009, #776 ) ;
#1482 = STYLED_ITEM ( 'NONE', ( #1511 ), #1767 ) ;
#1483 = DIRECTION ( 'NONE',  ( 0.000000000000000000, 0.000000000000000000, -1.000000000000000000 ) ) ;
#1484 = VECTOR ( 'NONE', #640, 1000.000000000000000 ) ;
#1485 = EDGE_LOOP ( 'NONE', ( #746, #580, #972, #507 ) ) ;
#1486 = DIRECTION ( 'NONE',  ( 0.000000000000000000, 1.000000000000000000, -1.246209393661499372E-16 ) ) ;
#1487 = EDGE_CURVE ( 'NONE', #1864, #615, #1528, .T. ) ;
#1488 = CARTESIAN_POINT ( 'NONE',  ( -0.4999999999999997780, 0.9299999999999999378, 0.3600000000000000422 ) ) ;
#1489 = LINE ( 'NONE', #361, #538 ) ;
#1490 = SURFACE_STYLE_USAGE ( .BOTH. , #688 ) ;
#1491 = DIRECTION ( 'NONE',  ( 0.000000000000000000, 0.000000000000000000, -1.000000000000000000 ) ) ;
#1492 = EDGE_LOOP ( 'NONE', ( #829, #1352, #1234, #1002 ) ) ;
#1493 = DIRECTION ( 'NONE',  ( 0.000000000000000000, 0.000000000000000000, 1.000000000000000000 ) ) ;
#1494 = EDGE_CURVE ( 'NONE', #1208, #948, #1999, .T. ) ;
#1495 = PRESENTATION_STYLE_ASSIGNMENT (( #1666 ) ) ;
#1496 = VERTEX_POINT ( 'NONE', #735 ) ;
#1497 = CARTESIAN_POINT ( 'NONE',  ( -0.5199999999999999067, 0.9300000000000000488, -0.3599999999999998201 ) ) ;
#1498 =( NAMED_UNIT ( * ) SI_UNIT ( $, .STERADIAN. ) SOLID_ANGLE_UNIT ( ) );
#1499 = SURFACE_SIDE_STYLE ('',( #1947 ) ) ;
#1500 = DIRECTION ( 'NONE',  ( 0.000000000000000000, 0.000000000000000000, 1.000000000000000000 ) ) ;
#1501 = ORIENTED_EDGE ( 'NONE', *, *, #1897, .T. ) ;
#1502 = FACE_OUTER_BOUND ( 'NONE', #1990, .T. ) ;
#1503 = DIRECTION ( 'NONE',  ( -1.000000000000000000, 0.000000000000000000, -1.807003620809174385E-16 ) ) ;
#1504 = ORIENTED_EDGE ( 'NONE', *, *, #1983, .T. ) ;
#1505 = EDGE_CURVE ( 'NONE', #782, #958, #2049, .T. ) ;
#1506 =( GEOMETRIC_REPRESENTATION_CONTEXT ( 3 ) GLOBAL_UNCERTAINTY_ASSIGNED_CONTEXT ( ( #1405 ) ) GLOBAL_UNIT_ASSIGNED_CONTEXT ( ( #32, #381, #1509 ) ) REPRESENTATION_CONTEXT ( 'NONE', 'WORKASPACE' ) );
#1507 = ADVANCED_FACE ( 'NONE', ( #935 ), #129, .T. ) ;
#1508 = CARTESIAN_POINT ( 'NONE',  ( 0.5199999999999999067, 0.02000000000000005246, -0.3599999999999998201 ) ) ;
#1509 =( NAMED_UNIT ( * ) SI_UNIT ( $, .STERADIAN. ) SOLID_ANGLE_UNIT ( ) );
#1510 = PLANE ( 'NONE',  #1450 ) ;
#1511 = PRESENTATION_STYLE_ASSIGNMENT (( #1490 ) ) ;
#1512 = COLOUR_RGB ( '',0.7960784313725489669, 0.8235294117647058432, 0.9372549019607843146 ) ;
#1513 = EDGE_LOOP ( 'NONE', ( #166, #532, #1257, #677 ) ) ;
#1514 = AXIS2_PLACEMENT_3D ( 'NONE', #892, #1957, #205 ) ;
#1515 = MECHANICAL_DESIGN_GEOMETRIC_PRESENTATION_REPRESENTATION (  '', ( #232 ), #57 ) ;
#1516 = DIRECTION ( 'NONE',  ( -1.000000000000000000, -0.000000000000000000, 8.673617379884036705E-17 ) ) ;
#1517 = AXIS2_PLACEMENT_3D ( 'NONE', #861, #1348, #1829 ) ;
#1518 = STYLED_ITEM ( 'NONE', ( #1574 ), #1049 ) ;
#1519 = EDGE_CURVE ( 'NONE', #1664, #2017, #1735, .T. ) ;
#1520 = ORIENTED_EDGE ( 'NONE', *, *, #1692, .T. ) ;
#1521 = AXIS2_PLACEMENT_3D ( 'NONE', #1806, #801, #651 ) ;
#1522 = DIRECTION ( 'NONE',  ( 0.000000000000000000, 0.000000000000000000, 1.000000000000000000 ) ) ;
#1523 = CARTESIAN_POINT ( 'NONE',  ( 500000.0000000000582, 0.03999999999999999389, -0.3800000000433678693 ) ) ;
#1524 = SURFACE_STYLE_USAGE ( .BOTH. , #1499 ) ;
#1525 = CARTESIAN_POINT ( 'NONE',  ( 0.000000000000000000, 0.000000000000000000, 0.000000000000000000 ) ) ;
#1526 = ORIENTED_EDGE ( 'NONE', *, *, #437, .T. ) ;
#1527 = CYLINDRICAL_SURFACE ( 'NONE', #366, 0.02000000000000005246 ) ;
#1528 = LINE ( 'NONE', #72, #913 ) ;
#1529 = EDGE_LOOP ( 'NONE', ( #70, #1922, #1601, #518 ) ) ;
#1530 = PLANE ( 'NONE',  #759 ) ;
#1531 = DIRECTION ( 'NONE',  ( -0.000000000000000000, 0.000000000000000000, -1.000000000000000000 ) ) ;
#1532 = EDGE_CURVE ( 'NONE', #458, #909, #1613, .T. ) ;
#1533 = UNCERTAINTY_MEASURE_WITH_UNIT (LENGTH_MEASURE( 1.000000000000000082E-05 ), #860, 'distance_accuracy_value', 'NONE');
#1534 = PLANE ( 'NONE',  #573 ) ;
#1535 = DIRECTION ( 'NONE',  ( 1.000000000000000000, 0.000000000000000000, 1.355252715606881036E-16 ) ) ;
#1536 = ORIENTED_EDGE ( 'NONE', *, *, #1408, .F. ) ;
#1537 =( NAMED_UNIT ( * ) SI_UNIT ( $, .STERADIAN. ) SOLID_ANGLE_UNIT ( ) );
#1538 = DIRECTION ( 'NONE',  ( 0.000000000000000000, 0.000000000000000000, 1.000000000000000000 ) ) ;
#1539 = ORIENTED_EDGE ( 'NONE', *, *, #1619, .T. ) ;
#1540 = DIRECTION ( 'NONE',  ( 1.000000000000000000, 0.000000000000000000, 1.355252715606881036E-16 ) ) ;
#1541 = CYLINDRICAL_SURFACE ( 'NONE', #1611, 0.02000000000000005246 ) ;
#1542 = VECTOR ( 'NONE', #1669, 1000.000000000000000 ) ;
#1543 = AXIS2_PLACEMENT_3D ( 'NONE', #462, #1109, #1309 ) ;
#1544 = SURFACE_SIDE_STYLE ('',( #904 ) ) ;
#1545 = CIRCLE ( 'NONE', #1543, 0.03999999999999999389 ) ;
#1546 = LINE ( 'NONE', #106, #976 ) ;
#1547 = EDGE_LOOP ( 'NONE', ( #723, #2026, #1383, #1539 ) ) ;
#1548 = AXIS2_PLACEMENT_3D ( 'NONE', #151, #1446, #650 ) ;
#1549 = CARTESIAN_POINT ( 'NONE',  ( 0.7599999999999997868, 0.04000000000000000083, 0.3600000000000000977 ) ) ;
#1550 = VECTOR ( 'NONE', #2048, 1000.000000000000000 ) ;
#1551 = ORIENTED_EDGE ( 'NONE', *, *, #903, .F. ) ;
#1552 = PRESENTATION_LAYER_ASSIGNMENT (  '', '', ( #1609 ) ) ;
#1553 = DIRECTION ( 'NONE',  ( 1.000000000000000000, 0.000000000000000000, 1.355252715606881036E-16 ) ) ;
#1554 = DIRECTION ( 'NONE',  ( -0.000000000000000000, -0.000000000000000000, 1.000000000000000000 ) ) ;
#1555 = UNCERTAINTY_MEASURE_WITH_UNIT (LENGTH_MEASURE( 1.000000000000000082E-05 ), #709, 'distance_accuracy_value', 'NONE');
#1556 =( NAMED_UNIT ( * ) SI_UNIT ( $, .STERADIAN. ) SOLID_ANGLE_UNIT ( ) );
#1557 = ADVANCED_FACE ( 'NONE', ( #1082 ), #1414, .T. ) ;
#1558 = ORIENTED_EDGE ( 'NONE', *, *, #318, .F. ) ;
#1559 = SURFACE_STYLE_FILL_AREA ( #268 ) ;
#1560 = ADVANCED_FACE ( 'NONE', ( #781 ), #1097, .T. ) ;
#1561 = ORIENTED_EDGE ( 'NONE', *, *, #373, .F. ) ;
#1562 = ADVANCED_FACE ( 'NONE', ( #1224 ), #140, .F. ) ;
#1563 =( NAMED_UNIT ( * ) PLANE_ANGLE_UNIT ( ) SI_UNIT ( $, .RADIAN. ) );
#1564 = DIRECTION ( 'NONE',  ( -1.000000000000000000, -0.000000000000000000, -1.355252715606881036E-16 ) ) ;
#1565 = CARTESIAN_POINT ( 'NONE',  ( 500000.0000000000582, 0.9300000000000000488, -0.3600000000433679626 ) ) ;
#1566 = DIRECTION ( 'NONE',  ( -1.000000000000000000, -0.000000000000000000, 0.000000000000000000 ) ) ;
#1567 = ORIENTED_EDGE ( 'NONE', *, *, #367, .T. ) ;
#1568 = SURFACE_SIDE_STYLE ('',( #1559 ) ) ;
#1569 = ORIENTED_EDGE ( 'NONE', *, *, #394, .F. ) ;
#1570 = CARTESIAN_POINT ( 'NONE',  ( 0.7999999999999999334, 0.9499999999999999556, -0.3999999999999998002 ) ) ;
#1571 = CARTESIAN_POINT ( 'NONE',  ( -0.5199999999999997957, 0.03999999999999999389, -0.3599999999999998201 ) ) ;
#1572 = EDGE_CURVE ( 'NONE', #1842, #756, #2055, .T. ) ;
#1573 = CARTESIAN_POINT ( 'NONE',  ( -0.000000000000000000, 0.000000000000000000, -0.3599999999999998201 ) ) ;
#1574 = PRESENTATION_STYLE_ASSIGNMENT (( #1134 ) ) ;
#1575 = COLOUR_RGB ( '',0.7960784313725489669, 0.8235294117647058432, 0.9372549019607843146 ) ;
#1576 = ORIENTED_EDGE ( 'NONE', *, *, #1959, .F. ) ;
#1577 = STYLED_ITEM ( 'NONE', ( #1760 ), #371 ) ;
#1578 = DIRECTION ( 'NONE',  ( -0.000000000000000000, 1.000000000000000000, -0.000000000000000000 ) ) ;
#1579 = FILL_AREA_STYLE ('',( #1728 ) ) ;
#1580 = ORIENTED_EDGE ( 'NONE', *, *, #373, .T. ) ;
#1581 = VECTOR ( 'NONE', #1162, 1000.000000000000000 ) ;
#1582 = SURFACE_STYLE_USAGE ( .BOTH. , #910 ) ;
#1583 = EDGE_CURVE ( 'NONE', #1644, #149, #468, .T. ) ;
#1584 = PLANE ( 'NONE',  #949 ) ;
#1585 = AXIS2_PLACEMENT_3D ( 'NONE', #790, #1632, #178 ) ;
#1586 = AXIS2_PLACEMENT_3D ( 'NONE', #1820, #1022, #26 ) ;
#1587 = CIRCLE ( 'NONE', #614, 0.03999999999999999389 ) ;
#1588 = CARTESIAN_POINT ( 'NONE',  ( -0.4999999999999998890, 0.9300000000000000488, -0.3599999999999998201 ) ) ;
#1589 = DIRECTION ( 'NONE',  ( 0.000000000000000000, 0.000000000000000000, -1.000000000000000000 ) ) ;
#1590 = EDGE_LOOP ( 'NONE', ( #1118, #314, #1331, #1294 ) ) ;
#1591 = DIRECTION ( 'NONE',  ( -1.000000000000000000, -0.000000000000000000, 8.673617379884036705E-17 ) ) ;
#1592 = EDGE_LOOP ( 'NONE', ( #1823, #83, #448, #303 ) ) ;
#1593 = FACE_OUTER_BOUND ( 'NONE', #1590, .T. ) ;
#1594 = UNCERTAINTY_MEASURE_WITH_UNIT (LENGTH_MEASURE( 1.000000000000000082E-05 ), #209, 'distance_accuracy_value', 'NONE');
#1595 = DIRECTION ( 'NONE',  ( 0.000000000000000000, 0.000000000000000000, 1.000000000000000000 ) ) ;
#1596 = FACE_OUTER_BOUND ( 'NONE', #1366, .T. ) ;
#1597 = EDGE_CURVE ( 'NONE', #850, #266, #1, .T. ) ;
#1598 = ORIENTED_EDGE ( 'NONE', *, *, #964, .T. ) ;
#1599 = FACE_OUTER_BOUND ( 'NONE', #146, .T. ) ;
#1600 = DIRECTION ( 'NONE',  ( -0.000000000000000000, 1.000000000000000000, -0.000000000000000000 ) ) ;
#1601 = ORIENTED_EDGE ( 'NONE', *, *, #384, .T. ) ;
#1602 = FILL_AREA_STYLE_COLOUR ( '', #2040 ) ;
#1603 = FILL_AREA_STYLE ('',( #1612 ) ) ;
#1604 = CARTESIAN_POINT ( 'NONE',  ( -0.7999999999999998224, 0.03999999999999999389, 0.3600000000000000977 ) ) ;
#1605 = DIRECTION ( 'NONE',  ( 1.000000000000000000, 0.000000000000000000, 1.355252715606881036E-16 ) ) ;
#1606 = COLOUR_RGB ( '',0.7960784313725489669, 0.8235294117647058432, 0.9372549019607843146 ) ;
#1607 = VERTEX_POINT ( 'NONE', #514 ) ;
#1608 =( NAMED_UNIT ( * ) PLANE_ANGLE_UNIT ( ) SI_UNIT ( $, .RADIAN. ) );
#1609 = STYLED_ITEM ( 'NONE', ( #434 ), #1031 ) ;
#1610 = PRESENTATION_LAYER_ASSIGNMENT (  '', '', ( #1477 ) ) ;
#1611 = AXIS2_PLACEMENT_3D ( 'NONE', #571, #87, #1378 ) ;
#1612 = FILL_AREA_STYLE_COLOUR ( '', #1606 ) ;
#1613 = CIRCLE ( 'NONE', #537, 0.01999999999999994491 ) ;
#1614 = AXIS2_PLACEMENT_3D ( 'NONE', #1789, #1454, #320 ) ;
#1615 = FILL_AREA_STYLE_COLOUR ( '', #986 ) ;
#1616 = MECHANICAL_DESIGN_GEOMETRIC_PRESENTATION_REPRESENTATION (  '', ( #1853 ), #711 ) ;
#1617 =( GEOMETRIC_REPRESENTATION_CONTEXT ( 3 ) GLOBAL_UNCERTAINTY_ASSIGNED_CONTEXT ( ( #1393 ) ) GLOBAL_UNIT_ASSIGNED_CONTEXT ( ( #64, #1200, #449 ) ) REPRESENTATION_CONTEXT ( 'NONE', 'WORKASPACE' ) );
#1618 = DIRECTION ( 'NONE',  ( 0.000000000000000000, 0.000000000000000000, 1.000000000000000000 ) ) ;
#1619 = EDGE_CURVE ( 'NONE', #1804, #1641, #1449, .T. ) ;
#1620 = CARTESIAN_POINT ( 'NONE',  ( 500000.0000000000582, 0.9300000000000000488, -0.3600000000433679626 ) ) ;
#1621 = SURFACE_STYLE_FILL_AREA ( #321 ) ;
#1622 = ORIENTED_EDGE ( 'NONE', *, *, #160, .F. ) ;
#1623 = EDGE_CURVE ( 'NONE', #1357, #856, #1137, .T. ) ;
#1624 = SURFACE_STYLE_USAGE ( .BOTH. , #315 ) ;
#1625 = FILL_AREA_STYLE ('',( #988 ) ) ;
#1626 = ORIENTED_EDGE ( 'NONE', *, *, #808, .T. ) ;
#1627 = EDGE_CURVE ( 'NONE', #1146, #948, #993, .T. ) ;
#1628 = PLANE ( 'NONE',  #1080 ) ;
#1629 = DIRECTION ( 'NONE',  ( -8.673617379884036705E-17, 0.000000000000000000, -1.000000000000000000 ) ) ;
#1630 = ORIENTED_EDGE ( 'NONE', *, *, #1519, .T. ) ;
#1631 = LINE ( 'NONE', #156, #1884 ) ;
#1632 = DIRECTION ( 'NONE',  ( 0.000000000000000000, 1.000000000000000000, 0.000000000000000000 ) ) ;
#1633 = ORIENTED_EDGE ( 'NONE', *, *, #1981, .T. ) ;
#1634 = SURFACE_STYLE_USAGE ( .BOTH. , #180 ) ;
#1635 = FILL_AREA_STYLE ('',( #358 ) ) ;
#1636 = ORIENTED_EDGE ( 'NONE', *, *, #941, .F. ) ;
#1637 = EDGE_CURVE ( 'NONE', #1664, #1461, #1815, .T. ) ;
#1638 = SURFACE_STYLE_FILL_AREA ( #1980 ) ;
#1639 = FILL_AREA_STYLE ('',( #968 ) ) ;
#1640 =( LENGTH_UNIT ( ) NAMED_UNIT ( * ) SI_UNIT ( .MILLI., .METRE. ) );
#1641 = VERTEX_POINT ( 'NONE', #1924 ) ;
#1642 = SURFACE_STYLE_USAGE ( .BOTH. , #396 ) ;
#1643 = DIRECTION ( 'NONE',  ( -1.000000000000000000, 0.000000000000000000, 0.000000000000000000 ) ) ;
#1644 = VERTEX_POINT ( 'NONE', #1286 ) ;
#1645 = CIRCLE ( 'NONE', #1774, 0.01999999999999999695 ) ;
#1646 = EDGE_CURVE ( 'NONE', #1607, #388, #1720, .T. ) ;
#1647 = VECTOR ( 'NONE', #1416, 1000.000000000000000 ) ;
#1648 = PRESENTATION_LAYER_ASSIGNMENT (  '', '', ( #433 ) ) ;
#1649 = VECTOR ( 'NONE', #579, 1000.000000000000000 ) ;
#1650 = CIRCLE ( 'NONE', #1614, 0.03999999999999999389 ) ;
#1651 =( LENGTH_UNIT ( ) NAMED_UNIT ( * ) SI_UNIT ( .MILLI., .METRE. ) );
#1652 = CARTESIAN_POINT ( 'NONE',  ( -0.5199999999999996847, 0.03999999999999999389, 0.3600000000000000422 ) ) ;
#1653 = AXIS2_PLACEMENT_3D ( 'NONE', #1107, #1227, #794 ) ;
#1654 = DIRECTION ( 'NONE',  ( -1.355252715606881036E-16, 0.000000000000000000, -1.000000000000000000 ) ) ;
#1655 = PRESENTATION_LAYER_ASSIGNMENT (  '', '', ( #915 ) ) ;
#1656 = ORIENTED_EDGE ( 'NONE', *, *, #758, .F. ) ;
#1657 = CARTESIAN_POINT ( 'NONE',  ( -0.4999999999999997780, 0.03999999999999999389, 0.3600000000000000422 ) ) ;
#1658 = LINE ( 'NONE', #248, #844 ) ;
#1659 = EDGE_LOOP ( 'NONE', ( #1872, #1882, #1950, #1019 ) ) ;
#1660 = CARTESIAN_POINT ( 'NONE',  ( -0.5199999999999997957, 0.9499999999999999556, -0.3799999999999997824 ) ) ;
#1661 = SURFACE_STYLE_USAGE ( .BOTH. , #217 ) ;
#1662 = DIRECTION ( 'NONE',  ( 0.000000000000000000, -1.129377263005734361E-16, 1.000000000000000000 ) ) ;
#1663 = EDGE_CURVE ( 'NONE', #864, #1337, #402, .T. ) ;
#1664 = VERTEX_POINT ( 'NONE', #831 ) ;
#1665 = DIRECTION ( 'NONE',  ( 0.000000000000000000, -1.000000000000000000, 0.000000000000000000 ) ) ;
#1666 = SURFACE_STYLE_USAGE ( .BOTH. , #717 ) ;
#1667 = ORIENTED_EDGE ( 'NONE', *, *, #1063, .F. ) ;
#1668 =( LENGTH_UNIT ( ) NAMED_UNIT ( * ) SI_UNIT ( .MILLI., .METRE. ) );
#1669 = DIRECTION ( 'NONE',  ( 1.355252715606881036E-16, -0.000000000000000000, 1.000000000000000000 ) ) ;
#1670 = CARTESIAN_POINT ( 'NONE',  ( -0.4999999999999998890, 0.01999999999999997266, 0.3600000000000000422 ) ) ;
#1671 = DIRECTION ( 'NONE',  ( -1.000000000000000000, 0.000000000000000000, 0.000000000000000000 ) ) ;
#1672 = ORIENTED_EDGE ( 'NONE', *, *, #104, .F. ) ;
#1673 = DIRECTION ( 'NONE',  ( 0.000000000000000000, 1.000000000000000000, 0.000000000000000000 ) ) ;
#1674 = ORIENTED_EDGE ( 'NONE', *, *, #1444, .T. ) ;
#1675 = FILL_AREA_STYLE_COLOUR ( '', #1282 ) ;
#1676 =( GEOMETRIC_REPRESENTATION_CONTEXT ( 3 ) GLOBAL_UNCERTAINTY_ASSIGNED_CONTEXT ( ( #427 ) ) GLOBAL_UNIT_ASSIGNED_CONTEXT ( ( #1794, #351, #670 ) ) REPRESENTATION_CONTEXT ( 'NONE', 'WORKASPACE' ) );
#1677 = CYLINDRICAL_SURFACE ( 'NONE', #679, 0.01999999999999999695 ) ;
#1678 = AXIS2_PLACEMENT_3D ( 'NONE', #191, #847, #1643 ) ;
#1679 = UNCERTAINTY_MEASURE_WITH_UNIT (LENGTH_MEASURE( 1.000000000000000082E-05 ), #922, 'distance_accuracy_value', 'NONE');
#1680 = CARTESIAN_POINT ( 'NONE',  ( -0.5199999999999997957, 0.9499999999999999556, -0.3599999999999998201 ) ) ;
#1681 = CYLINDRICAL_SURFACE ( 'NONE', #946, 0.03999999999999999389 ) ;
#1682 = CIRCLE ( 'NONE', #1514, 0.03999999999999999389 ) ;
#1683 = AXIS2_PLACEMENT_3D ( 'NONE', #386, #525, #221 ) ;
#1684 = VERTEX_POINT ( 'NONE', #633 ) ;
#1685 = DIRECTION ( 'NONE',  ( 0.000000000000000000, 0.000000000000000000, 1.000000000000000000 ) ) ;
#1686 = CARTESIAN_POINT ( 'NONE',  ( 0.4999999999999997780, 0.9499999999999999556, 0.3800000000000000600 ) ) ;
#1687 = VECTOR ( 'NONE', #855, 1000.000000000000000 ) ;
#1688 = AXIS2_PLACEMENT_3D ( 'NONE', #1704, #406, #421 ) ;
#1689 = VERTEX_POINT ( 'NONE', #1904 ) ;
#1690 = EDGE_CURVE ( 'NONE', #1684, #1473, #1117, .T. ) ;
#1691 = DIRECTION ( 'NONE',  ( -1.000000000000000000, 0.000000000000000000, -1.355252715606878077E-16 ) ) ;
#1692 = EDGE_CURVE ( 'NONE', #1138, #1979, #313, .T. ) ;
#1693 = DIRECTION ( 'NONE',  ( 0.000000000000000000, 0.000000000000000000, -1.000000000000000000 ) ) ;
#1694 = CARTESIAN_POINT ( 'NONE',  ( -0.5199999999999996847, 0.03999999999999999389, 0.3600000000000000422 ) ) ;
#1695 = DIRECTION ( 'NONE',  ( 0.000000000000000000, 0.000000000000000000, 1.000000000000000000 ) ) ;
#1696 = EDGE_CURVE ( 'NONE', #376, #933, #1954, .T. ) ;
#1697 = VERTEX_POINT ( 'NONE', #1372 ) ;
#1698 = CARTESIAN_POINT ( 'NONE',  ( 0.7999999999999998224, 0.9499999999999999556, 0.3600000000000000422 ) ) ;
#1699 = ORIENTED_EDGE ( 'NONE', *, *, #987, .F. ) ;
#1700 = LINE ( 'NONE', #1311, #740 ) ;
#1701 = DIRECTION ( 'NONE',  ( 0.000000000000000000, 0.000000000000000000, 1.000000000000000000 ) ) ;
#1702 = FILL_AREA_STYLE ('',( #1269 ) ) ;
#1703 = UNCERTAINTY_MEASURE_WITH_UNIT (LENGTH_MEASURE( 1.000000000000000082E-05 ), #150, 'distance_accuracy_value', 'NONE');
#1704 = CARTESIAN_POINT ( 'NONE',  ( -0.5199999999999999067, 0.02000000000000005246, -0.3599999999999998201 ) ) ;
#1705 = EDGE_LOOP ( 'NONE', ( #1622, #1222, #488, #442 ) ) ;
#1706 = ORIENTED_EDGE ( 'NONE', *, *, #719, .T. ) ;
#1707 = DIRECTION ( 'NONE',  ( -1.355252715606881036E-16, 0.000000000000000000, 1.000000000000000000 ) ) ;
#1708 = CARTESIAN_POINT ( 'NONE',  ( -0.4999999999999997780, 0.9100000000000000311, 0.3600000000000000422 ) ) ;
#1709 = EDGE_CURVE ( 'NONE', #1684, #1208, #1110, .T. ) ;
#1710 = CIRCLE ( 'NONE', #124, 0.03999999999999999389 ) ;
#1711 = DIRECTION ( 'NONE',  ( -0.000000000000000000, 1.000000000000000000, -0.000000000000000000 ) ) ;
#1712 = ADVANCED_FACE ( 'NONE', ( #236 ), #40, .T. ) ;
#1713 = SURFACE_STYLE_FILL_AREA ( #596 ) ;
#1714 = ADVANCED_FACE ( 'NONE', ( #840 ), #562, .F. ) ;
#1715 = VERTEX_POINT ( 'NONE', #1206 ) ;
#1716 = DIRECTION ( 'NONE',  ( -1.000000000000000000, 0.000000000000000000, 1.355252715606881036E-16 ) ) ;
#1717 = PRESENTATION_STYLE_ASSIGNMENT (( #116 ) ) ;
#1718 = AXIS2_PLACEMENT_3D ( 'NONE', #2033, #439, #1861 ) ;
#1719 = ORIENTED_EDGE ( 'NONE', *, *, #1709, .F. ) ;
#1720 = CIRCLE ( 'NONE', #1850, 0.01999999999999999695 ) ;
#1721 = CIRCLE ( 'NONE', #682, 0.03999999999999999389 ) ;
#1722 = UNCERTAINTY_MEASURE_WITH_UNIT (LENGTH_MEASURE( 1.000000000000000082E-05 ), #115, 'distance_accuracy_value', 'NONE');
#1723 = CIRCLE ( 'NONE', #1252, 0.03999999999999999389 ) ;
#1724 = CARTESIAN_POINT ( 'NONE',  ( 0.4999999999999998890, 0.9499999999999999556, -0.3999999999999998002 ) ) ;
#1725 = CARTESIAN_POINT ( 'NONE',  ( -0.7599999999999998979, 0.9499999999999999556, -0.3599999999999998201 ) ) ;
#1726 = ORIENTED_EDGE ( 'NONE', *, *, #1877, .T. ) ;
#1727 = EDGE_CURVE ( 'NONE', #255, #203, #59, .T. ) ;
#1728 = FILL_AREA_STYLE_COLOUR ( '', #608 ) ;
#1729 = EDGE_LOOP ( 'NONE', ( #1480, #726, #733, #799 ) ) ;
#1730 = CARTESIAN_POINT ( 'NONE',  ( 0.5199999999999997957, 0.9499999999999999556, -0.3999999999999998002 ) ) ;
#1731 = DIRECTION ( 'NONE',  ( 1.000000000000000000, 0.000000000000000000, -0.000000000000000000 ) ) ;
#1732 = CYLINDRICAL_SURFACE ( 'NONE', #1886, 0.03999999999999999389 ) ;
#1733 = ORIENTED_EDGE ( 'NONE', *, *, #1466, .F. ) ;
#1734 = ADVANCED_FACE ( 'NONE', ( #1336 ), #1681, .T. ) ;
#1735 = LINE ( 'NONE', #269, #809 ) ;
#1736 = ORIENTED_EDGE ( 'NONE', *, *, #1182, .F. ) ;
#1737 = CARTESIAN_POINT ( 'NONE',  ( 0.7599999999999997868, 0.9499999999999999556, 0.4000000000000000777 ) ) ;
#1738 = DIRECTION ( 'NONE',  ( 0.000000000000000000, 0.000000000000000000, 1.000000000000000000 ) ) ;
#1739 = DIRECTION ( 'NONE',  ( -1.000000000000000000, 0.000000000000000000, 0.000000000000000000 ) ) ;
#1740 = SURFACE_STYLE_FILL_AREA ( #966 ) ;
#1741 = CIRCLE ( 'NONE', #836, 0.03999999999999999389 ) ;
#1742 = EDGE_LOOP ( 'NONE', ( #1287, #1103, #1633, #1626, #1839, #921, #1852, #1321 ) ) ;
#1743 = DIRECTION ( 'NONE',  ( 0.000000000000000000, -1.000000000000000000, 0.000000000000000000 ) ) ;
#1744 = DIRECTION ( 'NONE',  ( 0.000000000000000000, 0.000000000000000000, -1.000000000000000000 ) ) ;
#1745 = VERTEX_POINT ( 'NONE', #1962 ) ;
#1746 = MECHANICAL_DESIGN_GEOMETRIC_PRESENTATION_REPRESENTATION (  '', ( #400 ), #1385 ) ;
#1747 = LINE ( 'NONE', #1730, #1181 ) ;
#1748 = AXIS2_PLACEMENT_3D ( 'NONE', #331, #1159, #1296 ) ;
#1749 = VECTOR ( 'NONE', #761, 1000.000000000000000 ) ;
#1750 = PRESENTATION_LAYER_ASSIGNMENT (  '', '', ( #1853 ) ) ;
#1751 = PRESENTATION_LAYER_ASSIGNMENT (  '', '', ( #1018 ) ) ;
#1752 = EDGE_CURVE ( 'NONE', #1754, #691, #338, .T. ) ;
#1753 = SURFACE_STYLE_USAGE ( .BOTH. , #1781 ) ;
#1754 = VERTEX_POINT ( 'NONE', #1010 ) ;
#1755 = DIRECTION ( 'NONE',  ( 1.355252715606881036E-16, 0.000000000000000000, 1.000000000000000000 ) ) ;
#1756 = DIRECTION ( 'NONE',  ( -1.000000000000000000, -0.000000000000000000, 8.673617379884036705E-17 ) ) ;
#1757 = ORIENTED_EDGE ( 'NONE', *, *, #941, .T. ) ;
#1758 = DIRECTION ( 'NONE',  ( 0.000000000000000000, 0.000000000000000000, -1.000000000000000000 ) ) ;
#1759 =( NAMED_UNIT ( * ) PLANE_ANGLE_UNIT ( ) SI_UNIT ( $, .RADIAN. ) );
#1760 = PRESENTATION_STYLE_ASSIGNMENT (( #1753 ) ) ;
#1761 = DIRECTION ( 'NONE',  ( -1.000000000000000000, -0.000000000000000000, 8.673617379884036705E-17 ) ) ;
#1762 = CYLINDRICAL_SURFACE ( 'NONE', #1307, 0.03999999999999999389 ) ;
#1763 = FACE_OUTER_BOUND ( 'NONE', #1283, .T. ) ;
#1764 = ORIENTED_EDGE ( 'NONE', *, *, #1100, .F. ) ;
#1765 = FILL_AREA_STYLE_COLOUR ( '', #813 ) ;
#1766 = DIRECTION ( 'NONE',  ( 0.000000000000000000, -1.000000000000000000, 0.000000000000000000 ) ) ;
#1767 = ADVANCED_FACE ( 'NONE', ( #201 ), #1317, .T. ) ;
#1768 = CARTESIAN_POINT ( 'NONE',  ( 0.5199999999999996847, 0.03999999999999999389, 0.3600000000000000422 ) ) ;
#1769 = CARTESIAN_POINT ( 'NONE',  ( 0.5199999999999996847, 0.9100000000000000311, 0.3800000000000000044 ) ) ;
#1770 = ADVANCED_FACE ( 'NONE', ( #188 ), #210, .F. ) ;
#1771 = LINE ( 'NONE', #353, #1410 ) ;
#1772 =( LENGTH_UNIT ( ) NAMED_UNIT ( * ) SI_UNIT ( .MILLI., .METRE. ) );
#1773 = EDGE_CURVE ( 'NONE', #376, #1689, #1974, .T. ) ;
#1774 = AXIS2_PLACEMENT_3D ( 'NONE', #274, #1894, #1229 ) ;
#1775 = VERTEX_POINT ( 'NONE', #218 ) ;
#1776 = CYLINDRICAL_SURFACE ( 'NONE', #1215, 0.01999999999999999695 ) ;
#1777 = EDGE_LOOP ( 'NONE', ( #556, #109, #1305, #2020 ) ) ;
#1778 = STYLED_ITEM ( 'NONE', ( #2069 ), #1338 ) ;
#1779 = AXIS2_PLACEMENT_3D ( 'NONE', #1570, #101, #119 ) ;
#1780 = VECTOR ( 'NONE', #1578, 1000.000000000000000 ) ;
#1781 = SURFACE_SIDE_STYLE ('',( #1459 ) ) ;
#1782 = AXIS2_PLACEMENT_3D ( 'NONE', #1036, #1673, #222 ) ;
#1783 =( GEOMETRIC_REPRESENTATION_CONTEXT ( 3 ) GLOBAL_UNCERTAINTY_ASSIGNED_CONTEXT ( ( #1594 ) ) GLOBAL_UNIT_ASSIGNED_CONTEXT ( ( #209, #39, #382 ) ) REPRESENTATION_CONTEXT ( 'NONE', 'WORKASPACE' ) );
#1784 = DIRECTION ( 'NONE',  ( 0.000000000000000000, -0.000000000000000000, 1.000000000000000000 ) ) ;
#1785 =( GEOMETRIC_REPRESENTATION_CONTEXT ( 3 ) GLOBAL_UNCERTAINTY_ASSIGNED_CONTEXT ( ( #2024 ) ) GLOBAL_UNIT_ASSIGNED_CONTEXT ( ( #503, #1608, #1322 ) ) REPRESENTATION_CONTEXT ( 'NONE', 'WORKASPACE' ) );
#1786 = AXIS2_PLACEMENT_3D ( 'NONE', #412, #1540, #1065 ) ;
#1787 = ORIENTED_EDGE ( 'NONE', *, *, #5, .T. ) ;
#1788 = AXIS2_PLACEMENT_3D ( 'NONE', #603, #1887, #1094 ) ;
#1789 = CARTESIAN_POINT ( 'NONE',  ( -0.7599999999999998979, 0.9100000000000000311, -0.3599999999999998201 ) ) ;
#1790 = CARTESIAN_POINT ( 'NONE',  ( 500000.0000000000582, 0.9300000000000000488, 0.3599999999566318998 ) ) ;
#1791 = VERTEX_POINT ( 'NONE', #870 ) ;
#1792 = EDGE_CURVE ( 'NONE', #1496, #788, #1356, .T. ) ;
#1793 = ORIENTED_EDGE ( 'NONE', *, *, #1063, .T. ) ;
#1794 =( LENGTH_UNIT ( ) NAMED_UNIT ( * ) SI_UNIT ( .MILLI., .METRE. ) );
#1795 = CARTESIAN_POINT ( 'NONE',  ( -0.7999999999999998224, 0.03999999999999999389, 0.4000000000000000777 ) ) ;
#1796 = SURFACE_STYLE_FILL_AREA ( #1326 ) ;
#1797 = CARTESIAN_POINT ( 'NONE',  ( -0.4999999999999998890, 0.03999999999999999389, -0.3599999999999998201 ) ) ;
#1798 = ORIENTED_EDGE ( 'NONE', *, *, #742, .T. ) ;
#1799 = EDGE_CURVE ( 'NONE', #843, #255, #1017, .T. ) ;
#1800 = CARTESIAN_POINT ( 'NONE',  ( 0.7599999999999997868, 0.9100000000000000311, 0.3600000000000000977 ) ) ;
#1801 = CYLINDRICAL_SURFACE ( 'NONE', #873, 0.03999999999999999389 ) ;
#1802 = ORIENTED_EDGE ( 'NONE', *, *, #281, .T. ) ;
#1803 = LINE ( 'NONE', #243, #529 ) ;
#1804 = VERTEX_POINT ( 'NONE', #897 ) ;
#1805 = CARTESIAN_POINT ( 'NONE',  ( -0.7599999999999998979, 0.9100000000000000311, 1.029992063861229336E-16 ) ) ;
#1806 = CARTESIAN_POINT ( 'NONE',  ( 6.505213034913026604E-17, 0.9100000000000000311, 0.3599999999999999312 ) ) ;
#1807 = ORIENTED_EDGE ( 'NONE', *, *, #1494, .T. ) ;
#1808 = CIRCLE ( 'NONE', #397, 0.03999999999999999389 ) ;
#1809 =( NAMED_UNIT ( * ) PLANE_ANGLE_UNIT ( ) SI_UNIT ( $, .RADIAN. ) );
#1810 = DIRECTION ( 'NONE',  ( 1.000000000000000000, 0.000000000000000000, 0.000000000000000000 ) ) ;
#1811 = CIRCLE ( 'NONE', #907, 0.03999999999999999389 ) ;
#1812 = CARTESIAN_POINT ( 'NONE',  ( 0.4999999999999997780, 0.9100000000000000311, 0.3600000000000000422 ) ) ;
#1813 = ADVANCED_FACE ( 'NONE', ( #732 ), #198, .T. ) ;
#1814 =( GEOMETRIC_REPRESENTATION_CONTEXT ( 3 ) GLOBAL_UNCERTAINTY_ASSIGNED_CONTEXT ( ( #1898 ) ) GLOBAL_UNIT_ASSIGNED_CONTEXT ( ( #1824, #1809, #204 ) ) REPRESENTATION_CONTEXT ( 'NONE', 'WORKASPACE' ) );
#1815 = CIRCLE ( 'NONE', #1748, 0.03999999999999999389 ) ;
#1816 = PRESENTATION_LAYER_ASSIGNMENT (  '', '', ( #1178 ) ) ;
#1817 = DIRECTION ( 'NONE',  ( -1.000000000000000000, -0.000000000000000000, 8.673617379884036705E-17 ) ) ;
#1818 = CARTESIAN_POINT ( 'NONE',  ( -0.4999999999999998890, 0.03999999999999999389, 0.3800000000000000600 ) ) ;
#1819 = AXIS2_PLACEMENT_3D ( 'NONE', #1571, #1246, #292 ) ;
#1820 = CARTESIAN_POINT ( 'NONE',  ( 0.5199999999999997957, 0.9100000000000000311, -0.3599999999999998201 ) ) ;
#1821 = AXIS2_PLACEMENT_3D ( 'NONE', #837, #568, #1691 ) ;
#1822 =( LENGTH_UNIT ( ) NAMED_UNIT ( * ) SI_UNIT ( .MILLI., .METRE. ) );
#1823 = ORIENTED_EDGE ( 'NONE', *, *, #12, .F. ) ;
#1824 =( LENGTH_UNIT ( ) NAMED_UNIT ( * ) SI_UNIT ( .MILLI., .METRE. ) );
#1825 = DIRECTION ( 'NONE',  ( 0.000000000000000000, 0.000000000000000000, 1.000000000000000000 ) ) ;
#1826 = ORIENTED_EDGE ( 'NONE', *, *, #1519, .F. ) ;
#1827 = FACE_OUTER_BOUND ( 'NONE', #1529, .T. ) ;
#1828 = DIRECTION ( 'NONE',  ( 1.355252715606880789E-16, 0.000000000000000000, -1.000000000000000000 ) ) ;
#1829 = DIRECTION ( 'NONE',  ( -1.355252715606880789E-16, 0.000000000000000000, -1.000000000000000000 ) ) ;
#1830 =( NAMED_UNIT ( * ) PLANE_ANGLE_UNIT ( ) SI_UNIT ( $, .RADIAN. ) );
#1831 = ORIENTED_EDGE ( 'NONE', *, *, #1627, .T. ) ;
#1832 = CARTESIAN_POINT ( 'NONE',  ( -0.7599999999999997868, 0.9499999999999999556, 0.3600000000000000977 ) ) ;
#1833 = ORIENTED_EDGE ( 'NONE', *, *, #447, .F. ) ;
#1834 = SURFACE_STYLE_USAGE ( .BOTH. , #551 ) ;
#1835 = CARTESIAN_POINT ( 'NONE',  ( 0.5199999999999996847, 0.9499999999999999556, 0.4000000000000000222 ) ) ;
#1836 = ADVANCED_FACE ( 'NONE', ( #1221 ), #1776, .T. ) ;
#1837 = FILL_AREA_STYLE_COLOUR ( '', #646 ) ;
#1838 = CARTESIAN_POINT ( 'NONE',  ( -0.5199999999999997957, 0.9499999999999999556, -0.3599999999999998201 ) ) ;
#1839 = ORIENTED_EDGE ( 'NONE', *, *, #593, .T. ) ;
#1840 = CARTESIAN_POINT ( 'NONE',  ( -0.7999999999999998224, 0.9499999999999999556, 0.4000000000000000777 ) ) ;
#1841 = ADVANCED_FACE ( 'NONE', ( #472 ), #1288, .T. ) ;
#1842 = VERTEX_POINT ( 'NONE', #833 ) ;
#1843 =( GEOMETRIC_REPRESENTATION_CONTEXT ( 3 ) GLOBAL_UNCERTAINTY_ASSIGNED_CONTEXT ( ( #1430 ) ) GLOBAL_UNIT_ASSIGNED_CONTEXT ( ( #560, #714, #1498 ) ) REPRESENTATION_CONTEXT ( 'NONE', 'WORKASPACE' ) );
#1844 = CARTESIAN_POINT ( 'NONE',  ( 0.5199999999999997957, 0.9499999999999999556, -0.3599999999999998201 ) ) ;
#1845 = AXIS2_PLACEMENT_3D ( 'NONE', #760, #2029, #1739 ) ;
#1846 = TOROIDAL_SURFACE ( 'NONE', #978, 0.02000000000000000042, 0.02000000000000000042 ) ;
#1847 = STYLED_ITEM ( 'NONE', ( #1170 ), #660 ) ;
#1848 = UNCERTAINTY_MEASURE_WITH_UNIT (LENGTH_MEASURE( 1.000000000000000082E-05 ), #254, 'distance_accuracy_value', 'NONE');
#1849 = DIRECTION ( 'NONE',  ( -1.000000000000000000, -0.000000000000000000, -1.355252715606881036E-16 ) ) ;
#1850 = AXIS2_PLACEMENT_3D ( 'NONE', #1797, #1001, #344 ) ;
#1851 = SHAPE_DEFINITION_REPRESENTATION ( #970, #866 ) ;
#1852 = ORIENTED_EDGE ( 'NONE', *, *, #1646, .T. ) ;
#1853 = STYLED_ITEM ( 'NONE', ( #792 ), #1863 ) ;
#1854 =( NAMED_UNIT ( * ) PLANE_ANGLE_UNIT ( ) SI_UNIT ( $, .RADIAN. ) );
#1855 = LINE ( 'NONE', #378, #1210 ) ;
#1856 = ORIENTED_EDGE ( 'NONE', *, *, #658, .T. ) ;
#1857 = CYLINDRICAL_SURFACE ( 'NONE', #194, 0.03999999999999999389 ) ;
#1858 = DIRECTION ( 'NONE',  ( 0.000000000000000000, 0.000000000000000000, 1.000000000000000000 ) ) ;
#1859 = DIRECTION ( 'NONE',  ( -1.000000000000000000, 0.000000000000000000, 1.355252715606881036E-16 ) ) ;
#1860 = VERTEX_POINT ( 'NONE', #142 ) ;
#1861 = DIRECTION ( 'NONE',  ( 0.000000000000000000, 0.000000000000000000, -1.000000000000000000 ) ) ;
#1862 =( LENGTH_UNIT ( ) NAMED_UNIT ( * ) SI_UNIT ( .MILLI., .METRE. ) );
#1863 = ADVANCED_FACE ( 'NONE', ( #649 ), #680, .T. ) ;
#1864 = VERTEX_POINT ( 'NONE', #1439 ) ;
#1865 = DIRECTION ( 'NONE',  ( 1.355252715606881036E-16, 0.000000000000000000, -1.000000000000000000 ) ) ;
#1866 = DIRECTION ( 'NONE',  ( -1.000000000000000000, 0.000000000000000000, 0.000000000000000000 ) ) ;
#1867 = ADVANCED_FACE ( 'NONE', ( #1593 ), #10, .T. ) ;
#1868 = DIRECTION ( 'NONE',  ( 1.000000000000000000, 0.000000000000000000, 0.000000000000000000 ) ) ;
#1869 = UNCERTAINTY_MEASURE_WITH_UNIT (LENGTH_MEASURE( 1.000000000000000082E-05 ), #1235, 'distance_accuracy_value', 'NONE');
#1870 = ORIENTED_EDGE ( 'NONE', *, *, #1164, .F. ) ;
#1871 = FACE_OUTER_BOUND ( 'NONE', #287, .T. ) ;
#1872 = ORIENTED_EDGE ( 'NONE', *, *, #1623, .F. ) ;
#1873 =( NAMED_UNIT ( * ) SI_UNIT ( $, .STERADIAN. ) SOLID_ANGLE_UNIT ( ) );
#1874 = CARTESIAN_POINT ( 'NONE',  ( -0.5199999999999997957, 0.9499999999999999556, -0.3999999999999998002 ) ) ;
#1875 = AXIS2_PLACEMENT_3D ( 'NONE', #317, #13, #1141 ) ;
#1876 =( NAMED_UNIT ( * ) SI_UNIT ( $, .STERADIAN. ) SOLID_ANGLE_UNIT ( ) );
#1877 = EDGE_CURVE ( 'NONE', #1259, #1745, #1885, .T. ) ;
#1878 =( NAMED_UNIT ( * ) SI_UNIT ( $, .STERADIAN. ) SOLID_ANGLE_UNIT ( ) );
#1879 = ORIENTED_EDGE ( 'NONE', *, *, #184, .T. ) ;
#1880 = MECHANICAL_DESIGN_GEOMETRIC_PRESENTATION_REPRESENTATION (  '', ( #606 ), #464 ) ;
#1881 = VECTOR ( 'NONE', #1516, 1000.000000000000000 ) ;
#1882 = ORIENTED_EDGE ( 'NONE', *, *, #1341, .T. ) ;
#1883 = AXIS2_PLACEMENT_3D ( 'NONE', #1463, #2066, #1437 ) ;
#1884 = VECTOR ( 'NONE', #1743, 1000.000000000000000 ) ;
#1885 = CIRCLE ( 'NONE', #231, 0.02000000000000005246 ) ;
#1886 = AXIS2_PLACEMENT_3D ( 'NONE', #630, #663, #1589 ) ;
#1887 = DIRECTION ( 'NONE',  ( -1.000000000000000000, 0.000000000000000000, 1.355252715606881036E-16 ) ) ;
#1888 = DIRECTION ( 'NONE',  ( 0.000000000000000000, 0.000000000000000000, -1.000000000000000000 ) ) ;
#1889 = FACE_OUTER_BOUND ( 'NONE', #1513, .T. ) ;
#1890 = EDGE_LOOP ( 'NONE', ( #1037, #1856, #118 ) ) ;
#1891 = VERTEX_POINT ( 'NONE', #962 ) ;
#1892 = SURFACE_SIDE_STYLE ('',( #110 ) ) ;
#1893 = CARTESIAN_POINT ( 'NONE',  ( 0.5199999999999996847, 0.9100000000000000311, 0.3600000000000000422 ) ) ;
#1894 = DIRECTION ( 'NONE',  ( -0.000000000000000000, 1.000000000000000000, 0.000000000000000000 ) ) ;
#1895 = EDGE_LOOP ( 'NONE', ( #1536, #520, #466 ) ) ;
#1896 = EDGE_LOOP ( 'NONE', ( #1169, #1733, #762, #1870 ) ) ;
#1897 = EDGE_CURVE ( 'NONE', #788, #172, #848, .T. ) ;
#1898 = UNCERTAINTY_MEASURE_WITH_UNIT (LENGTH_MEASURE( 1.000000000000000082E-05 ), #1824, 'distance_accuracy_value', 'NONE');
#1899 = FILL_AREA_STYLE_COLOUR ( '', #885 ) ;
#1900 = FILL_AREA_STYLE_COLOUR ( '', #1975 ) ;
#1901 = ORIENTED_EDGE ( 'NONE', *, *, #1123, .F. ) ;
#1902 = AXIS2_PLACEMENT_3D ( 'NONE', #583, #771, #942 ) ;
#1903 = DIRECTION ( 'NONE',  ( -1.000000000000000000, -0.000000000000000000, 8.673617379884036705E-17 ) ) ;
#1904 = CARTESIAN_POINT ( 'NONE',  ( -0.4999999999999997780, 0.9300000000000000488, 0.3600000000000000422 ) ) ;
#1905 = ORIENTED_EDGE ( 'NONE', *, *, #1597, .F. ) ;
#1906 = MECHANICAL_DESIGN_GEOMETRIC_PRESENTATION_REPRESENTATION (  '', ( #1778 ), #770 ) ;
#1907 = CIRCLE ( 'NONE', #979, 0.03999999999999999389 ) ;
#1908 = MECHANICAL_DESIGN_GEOMETRIC_PRESENTATION_REPRESENTATION (  '', ( #92 ), #300 ) ;
#1909 = STYLED_ITEM ( 'NONE', ( #816 ), #1841 ) ;
#1910 = COLOUR_RGB ( '',0.7960784313725489669, 0.8235294117647058432, 0.9372549019607843146 ) ;
#1911 = ADVANCED_FACE ( 'NONE', ( #923 ), #592, .T. ) ;
#1912 = LINE ( 'NONE', #479, #51 ) ;
#1913 = VERTEX_POINT ( 'NONE', #111 ) ;
#1914 = ORIENTED_EDGE ( 'NONE', *, *, #826, .F. ) ;
#1915 = CARTESIAN_POINT ( 'NONE',  ( -0.5199999999999996847, 0.9499999999999999556, 0.3800000000000000600 ) ) ;
#1916 = EDGE_CURVE ( 'NONE', #862, #1388, #2010, .T. ) ;
#1917 = LINE ( 'NONE', #546, #1687 ) ;
#1918 = EDGE_CURVE ( 'NONE', #933, #266, #470, .T. ) ;
#1919 = DIRECTION ( 'NONE',  ( 1.355252715606880789E-16, 0.000000000000000000, 1.000000000000000000 ) ) ;
#1920 = EDGE_CURVE ( 'NONE', #782, #1791, #739, .T. ) ;
#1921 = PLANE ( 'NONE',  #2041 ) ;
#1922 = ORIENTED_EDGE ( 'NONE', *, *, #66, .T. ) ;
#1923 = DIRECTION ( 'NONE',  ( 0.000000000000000000, -1.000000000000000000, 0.000000000000000000 ) ) ;
#1924 = CARTESIAN_POINT ( 'NONE',  ( -0.4999999999999998890, 0.03999999999999999389, -0.3799999999999997269 ) ) ;
#1925 = ORIENTED_EDGE ( 'NONE', *, *, #1597, .T. ) ;
#1926 = DIRECTION ( 'NONE',  ( 0.000000000000000000, -1.000000000000000000, 0.000000000000000000 ) ) ;
#1927 = CARTESIAN_POINT ( 'NONE',  ( -0.5199999999999997957, 0.9299999999999999378, 7.047314121155778821E-17 ) ) ;
#1928 = ORIENTED_EDGE ( 'NONE', *, *, #1468, .F. ) ;
#1929 = DIRECTION ( 'NONE',  ( 0.000000000000000000, 0.000000000000000000, 1.000000000000000000 ) ) ;
#1930 = EDGE_CURVE ( 'NONE', #1149, #176, #2073, .T. ) ;
#1931 = DIRECTION ( 'NONE',  ( 1.000000000000000000, 0.000000000000000000, -1.807003620809174385E-16 ) ) ;
#1932 = STYLED_ITEM ( 'NONE', ( #654 ), #49 ) ;
#1933 = CARTESIAN_POINT ( 'NONE',  ( -0.5199999999999997957, 0.03999999999999999389, -0.3999999999999998002 ) ) ;
#1934 = CARTESIAN_POINT ( 'NONE',  ( -0.4999999999999998890, 0.03999999999999999389, -0.3599999999999998201 ) ) ;
#1935 = CIRCLE ( 'NONE', #1041, 0.03999999999999999389 ) ;
#1936 = ORIENTED_EDGE ( 'NONE', *, *, #1424, .T. ) ;
#1937 = APPLICATION_CONTEXT ( 'automotive_design' ) ;
#1938 = AXIS2_PLACEMENT_3D ( 'NONE', #171, #1304, #823 ) ;
#1939 = COLOUR_RGB ( '',0.7960784313725489669, 0.8235294117647058432, 0.9372549019607843146 ) ;
#1940 = FACE_OUTER_BOUND ( 'NONE', #1592, .T. ) ;
#1941 = AXIS2_PLACEMENT_3D ( 'NONE', #1800, #1926, #953 ) ;
#1942 = AXIS2_PLACEMENT_3D ( 'NONE', #530, #1000, #187 ) ;
#1943 = LINE ( 'NONE', #272, #2031 ) ;
#1944 = CIRCLE ( 'NONE', #2074, 0.01999999999999999695 ) ;
#1945 = EDGE_CURVE ( 'NONE', #1138, #1775, #713, .T. ) ;
#1946 = ORIENTED_EDGE ( 'NONE', *, *, #429, .T. ) ;
#1947 = SURFACE_STYLE_FILL_AREA ( #869 ) ;
#1948 = DIRECTION ( 'NONE',  ( -1.000000000000000000, -0.000000000000000000, 8.673617379884036705E-17 ) ) ;
#1949 = ORIENTED_EDGE ( 'NONE', *, *, #97, .T. ) ;
#1950 = ORIENTED_EDGE ( 'NONE', *, *, #826, .T. ) ;
#1951 = DIRECTION ( 'NONE',  ( 0.000000000000000000, -1.000000000000000000, 1.246209393661499619E-16 ) ) ;
#1952 = SURFACE_STYLE_FILL_AREA ( #1639 ) ;
#1953 = PRESENTATION_STYLE_ASSIGNMENT (( #521 ) ) ;
#1954 = LINE ( 'NONE', #1838, #2008 ) ;
#1955 = ORIENTED_EDGE ( 'NONE', *, *, #276, .F. ) ;
#1956 = CARTESIAN_POINT ( 'NONE',  ( 0.7599999999999998979, 0.000000000000000000, -0.3599999999999998201 ) ) ;
#1957 = DIRECTION ( 'NONE',  ( -0.000000000000000000, -0.000000000000000000, -1.000000000000000000 ) ) ;
#1958 = ORIENTED_EDGE ( 'NONE', *, *, #1386, .T. ) ;
#1959 = EDGE_CURVE ( 'NONE', #237, #1163, #1587, .T. ) ;
#1960 = DIRECTION ( 'NONE',  ( 0.000000000000000000, 0.000000000000000000, -1.000000000000000000 ) ) ;
#1961 = FACE_OUTER_BOUND ( 'NONE', #989, .T. ) ;
#1962 = CARTESIAN_POINT ( 'NONE',  ( -0.4999999999999997780, 0.01999999999999999348, 0.3600000000000000422 ) ) ;
#1963 = ORIENTED_EDGE ( 'NONE', *, *, #1920, .T. ) ;
#1964 = CARTESIAN_POINT ( 'NONE',  ( 500000.0000000000582, 0.9100000000000000311, -0.3600000000433679626 ) ) ;
#1965 = PRESENTATION_LAYER_ASSIGNMENT (  '', '', ( #1577 ) ) ;
#1966 = DIRECTION ( 'NONE',  ( 0.000000000000000000, 0.000000000000000000, -1.000000000000000000 ) ) ;
#1967 = AXIS2_PLACEMENT_3D ( 'NONE', #259, #1073, #1245 ) ;
#1968 = AXIS2_PLACEMENT_3D ( 'NONE', #1384, #613, #587 ) ;
#1969 = VECTOR ( 'NONE', #1591, 1000.000000000000000 ) ;
#1970 = AXIS2_PLACEMENT_3D ( 'NONE', #969, #498, #959 ) ;
#1971 = ADVANCED_FACE ( 'NONE', ( #749 ), #911, .T. ) ;
#1972 = CARTESIAN_POINT ( 'NONE',  ( 0.7599999999999998979, 0.9100000000000000311, 1.029992063861229336E-16 ) ) ;
#1973 = CARTESIAN_POINT ( 'NONE',  ( 0.5199999999999996847, 0.9100000000000000311, 0.4000000000000000222 ) ) ;
#1974 = CIRCLE ( 'NONE', #1113, 0.02000000000000005246 ) ;
#1975 = COLOUR_RGB ( '',0.7960784313725489669, 0.8235294117647058432, 0.9372549019607843146 ) ;
#1976 = ORIENTED_EDGE ( 'NONE', *, *, #1663, .T. ) ;
#1977 = SPHERICAL_SURFACE ( 'NONE', #1478, 0.04000000000000000083 ) ;
#1978 = CARTESIAN_POINT ( 'NONE',  ( 0.7599999999999998979, 0.9499999999999999556, -0.3599999999999998201 ) ) ;
#1979 = VERTEX_POINT ( 'NONE', #460 ) ;
#1980 = FILL_AREA_STYLE ('',( #1675 ) ) ;
#1981 = EDGE_CURVE ( 'NONE', #1689, #1715, #475, .T. ) ;
#1982 = DIRECTION ( 'NONE',  ( -0.000000000000000000, 1.000000000000000000, -0.000000000000000000 ) ) ;
#1983 = EDGE_CURVE ( 'NONE', #172, #1754, #1747, .T. ) ;
#1984 = EDGE_CURVE ( 'NONE', #266, #782, #617, .T. ) ;
#1985 = UNCERTAINTY_MEASURE_WITH_UNIT (LENGTH_MEASURE( 1.000000000000000082E-05 ), #1205, 'distance_accuracy_value', 'NONE');
#1986 = FACE_OUTER_BOUND ( 'NONE', #1777, .T. ) ;
#1987 = ORIENTED_EDGE ( 'NONE', *, *, #148, .T. ) ;
#1988 = CARTESIAN_POINT ( 'NONE',  ( -0.7599999999999998979, 0.9100000000000000311, -0.3599999999999998201 ) ) ;
#1989 = CARTESIAN_POINT ( 'NONE',  ( 0.7599999999999998979, 0.9100000000000000311, -0.3599999999999998201 ) ) ;
#1990 = EDGE_LOOP ( 'NONE', ( #1914, #2056, #1267, #1395 ) ) ;
#1991 = CARTESIAN_POINT ( 'NONE',  ( -0.4999999999999998890, 0.9100000000000000311, 0.3600000000000000422 ) ) ;
#1992 = AXIS2_PLACEMENT_3D ( 'NONE', #859, #31, #1522 ) ;
#1993 = DIRECTION ( 'NONE',  ( 0.000000000000000000, 1.000000000000000000, 0.000000000000000000 ) ) ;
#1994 = LINE ( 'NONE', #1523, #1342 ) ;
#1995 = CARTESIAN_POINT ( 'NONE',  ( 0.7999999999999999334, 0.03999999999999999389, -0.3599999999999998201 ) ) ;
#1996 = ADVANCED_FACE ( 'NONE', ( #1406 ), #683, .T. ) ;
#1997 = ORIENTED_EDGE ( 'NONE', *, *, #346, .T. ) ;
#1998 = DIRECTION ( 'NONE',  ( 0.000000000000000000, 0.000000000000000000, 1.000000000000000000 ) ) ;
#1999 = LINE ( 'NONE', #745, #1969 ) ;
#2000 = ORIENTED_EDGE ( 'NONE', *, *, #1505, .F. ) ;
#2001 = CARTESIAN_POINT ( 'NONE',  ( -0.7999999999999999334, 0.9100000000000000311, -0.3599999999999998201 ) ) ;
#2002 = AXIS2_PLACEMENT_3D ( 'NONE', #1508, #1165, #539 ) ;
#2003 = LINE ( 'NONE', #1015, #1881 ) ;
#2004 = PRESENTATION_STYLE_ASSIGNMENT (( #1661 ) ) ;
#2005 = VECTOR ( 'NONE', #1374, 1000.000000000000000 ) ;
#2006 = UNCERTAINTY_MEASURE_WITH_UNIT (LENGTH_MEASURE( 1.000000000000000082E-05 ), #1822, 'distance_accuracy_value', 'NONE');
#2007 = ADVANCED_FACE ( 'NONE', ( #284 ), #929, .T. ) ;
#2008 = VECTOR ( 'NONE', #1654, 1000.000000000000000 ) ;
#2009 = EDGE_LOOP ( 'NONE', ( #15, #818, #1958, #550 ) ) ;
#2010 = CIRCLE ( 'NONE', #985, 0.03999999999999999389 ) ;
#2011 = CYLINDRICAL_SURFACE ( 'NONE', #1718, 0.01999999999999999695 ) ;
#2012 = VERTEX_POINT ( 'NONE', #1417 ) ;
#2013 = DIRECTION ( 'NONE',  ( 1.355252715606881036E-16, -0.000000000000000000, 1.000000000000000000 ) ) ;
#2014 = CARTESIAN_POINT ( 'NONE',  ( -0.7599999999999998979, 0.9100000000000000311, -0.3599999999999998201 ) ) ;
#2015 = CARTESIAN_POINT ( 'NONE',  ( -0.4999999999999998890, 0.9100000000000000311, 0.3600000000000000422 ) ) ;
#2016 = FILL_AREA_STYLE ('',( #91 ) ) ;
#2017 = VERTEX_POINT ( 'NONE', #1268 ) ;
#2018 = DIRECTION ( 'NONE',  ( 1.355252715606881036E-16, 0.000000000000000000, 1.000000000000000000 ) ) ;
#2019 = DIRECTION ( 'NONE',  ( -1.000000000000000000, -0.000000000000000000, -1.355252715606881036E-16 ) ) ;
#2020 = ORIENTED_EDGE ( 'NONE', *, *, #589, .F. ) ;
#2021 = CARTESIAN_POINT ( 'NONE',  ( 0.5199999999999997957, 0.9100000000000000311, -0.3599999999999998201 ) ) ;
#2022 = ADVANCED_FACE ( 'NONE', ( #1261 ), #1584, .F. ) ;
#2023 = DIRECTION ( 'NONE',  ( 1.000000000000000000, 0.000000000000000000, 0.000000000000000000 ) ) ;
#2024 = UNCERTAINTY_MEASURE_WITH_UNIT (LENGTH_MEASURE( 1.000000000000000082E-05 ), #503, 'distance_accuracy_value', 'NONE');
#2025 = ORIENTED_EDGE ( 'NONE', *, *, #1369, .T. ) ;
#2026 = ORIENTED_EDGE ( 'NONE', *, *, #1532, .T. ) ;
#2027 = AXIS2_PLACEMENT_3D ( 'NONE', #1604, #1931, #838 ) ;
#2028 = MECHANICAL_DESIGN_GEOMETRIC_PRESENTATION_REPRESENTATION (  '', ( #295 ), #975 ) ;
#2029 = DIRECTION ( 'NONE',  ( -1.355252715606881036E-16, 0.000000000000000000, -1.000000000000000000 ) ) ;
#2030 = CARTESIAN_POINT ( 'NONE',  ( 0.7999999999999998224, 0.9499999999999999556, 0.4000000000000000777 ) ) ;
#2031 = VECTOR ( 'NONE', #793, 1000.000000000000000 ) ;
#2032 = VERTEX_POINT ( 'NONE', #1431 ) ;
#2033 = CARTESIAN_POINT ( 'NONE',  ( 0.5199999999999996847, 0.9499999999999999556, 0.3800000000000000600 ) ) ;
#2034 =( LENGTH_UNIT ( ) NAMED_UNIT ( * ) SI_UNIT ( .MILLI., .METRE. ) );
#2035 = MECHANICAL_DESIGN_GEOMETRIC_PRESENTATION_REPRESENTATION (  '', ( #1087 ), #196 ) ;
#2036 = VERTEX_POINT ( 'NONE', #2051 ) ;
#2037 = MECHANICAL_DESIGN_GEOMETRIC_PRESENTATION_REPRESENTATION (  '', ( #1250 ), #195 ) ;
#2038 = PRESENTATION_LAYER_ASSIGNMENT (  '', '', ( #232 ) ) ;
#2039 = CARTESIAN_POINT ( 'NONE',  ( -0.5199999999999996847, 0.000000000000000000, 0.3600000000000000422 ) ) ;
#2040 = COLOUR_RGB ( '',0.7960784313725489669, 0.8235294117647058432, 0.9372549019607843146 ) ;
#2041 = AXIS2_PLACEMENT_3D ( 'NONE', #1263, #1143, #1784 ) ;
#2042 = DIRECTION ( 'NONE',  ( 0.000000000000000000, 0.000000000000000000, 1.000000000000000000 ) ) ;
#2043 = MANIFOLD_SOLID_BREP ( 'Fillet2', #220 ) ;
#2044 = CIRCLE ( 'NONE', #372, 0.03999999999999999389 ) ;
#2045 = SURFACE_STYLE_USAGE ( .BOTH. , #342 ) ;
#2046 = EDGE_CURVE ( 'NONE', #1684, #909, #1917, .T. ) ;
#2047 = EDGE_LOOP ( 'NONE', ( #511, #1598, #1404 ) ) ;
#2048 = DIRECTION ( 'NONE',  ( -1.000000000000000000, -0.000000000000000000, 1.807003620809174385E-16 ) ) ;
#2049 = LINE ( 'NONE', #623, #1649 ) ;
#2050 = ORIENTED_EDGE ( 'NONE', *, *, #350, .T. ) ;
#2051 = CARTESIAN_POINT ( 'NONE',  ( 0.7999999999999998224, 0.03999999999999999389, 0.3600000000000000977 ) ) ;
#2052 = LINE ( 'NONE', #431, #86 ) ;
#2053 = ORIENTED_EDGE ( 'NONE', *, *, #1792, .F. ) ;
#2054 = FILL_AREA_STYLE ('',( #2078 ) ) ;
#2055 = LINE ( 'NONE', #982, #772 ) ;
#2056 = ORIENTED_EDGE ( 'NONE', *, *, #1343, .T. ) ;
#2057 = DIRECTION ( 'NONE',  ( 0.000000000000000000, 0.000000000000000000, -1.000000000000000000 ) ) ;
#2058 = SURFACE_STYLE_FILL_AREA ( #1350 ) ;
#2059 = PRESENTATION_LAYER_ASSIGNMENT (  '', '', ( #492 ) ) ;
#2060 = DIRECTION ( 'NONE',  ( -1.000000000000000000, 0.000000000000000000, 1.355252715606881036E-16 ) ) ;
#2061 = DIRECTION ( 'NONE',  ( 0.000000000000000000, 0.000000000000000000, 1.000000000000000000 ) ) ;
#2062 = AXIS2_PLACEMENT_3D ( 'NONE', #2015, #1253, #1888 ) ;
#2063 = ORIENTED_EDGE ( 'NONE', *, *, #1100, .T. ) ;
#2064 = ADVANCED_FACE ( 'NONE', ( #627 ), #476, .T. ) ;
#2065 = DIRECTION ( 'NONE',  ( -1.807003620809174139E-16, 0.000000000000000000, 1.000000000000000000 ) ) ;
#2066 = DIRECTION ( 'NONE',  ( 0.000000000000000000, -1.000000000000000000, 0.000000000000000000 ) ) ;
#2067 = EDGE_LOOP ( 'NONE', ( #219, #379, #446 ) ) ;
#2068 = EDGE_CURVE ( 'NONE', #948, #1473, #1115, .T. ) ;
#2069 = PRESENTATION_STYLE_ASSIGNMENT (( #1457 ) ) ;
#2070 = AXIS2_PLACEMENT_3D ( 'NONE', #364, #82, #705 ) ;
#2071 = AXIS2_PLACEMENT_3D ( 'NONE', #1652, #1347, #200 ) ;
#2072 = EDGE_CURVE ( 'NONE', #958, #107, #2044, .T. ) ;
#2073 = CIRCLE ( 'NONE', #1451, 0.03999999999999999389 ) ;
#2074 = AXIS2_PLACEMENT_3D ( 'NONE', #945, #1124, #137 ) ;
#2075 = CARTESIAN_POINT ( 'NONE',  ( 0.7999999999999999334, 0.9100000000000000311, -0.3999999999999998002 ) ) ;
#2076 = FACE_OUTER_BOUND ( 'NONE', #345, .T. ) ;
#2077 = SURFACE_SIDE_STYLE ('',( #1952 ) ) ;
#2078 = FILL_AREA_STYLE_COLOUR ( '', #738 ) ;
ENDSEC;
END-ISO-10303-21;
